ROI,Subject,Effect, LocalizerSize,EffectSize
1,730_FED_20190306a_3T2_PL2017,crit_CODE, 465,2.387640
1,730_FED_20190306a_3T2_PL2017,crit_VERB, 465,0.776469
1,741_FED_20190320a_3T2_PL2017,crit_CODE, 465,2.244012
1,741_FED_20190320a_3T2_PL2017,crit_VERB, 465,0.084698
1,746_FED_20190328a_3T2_PL2017,crit_CODE, 465,1.693600
1,746_FED_20190328a_3T2_PL2017,crit_VERB, 465,0.501673
1,747_FED_20190328b_3T2_PL2017,crit_CODE, 465,1.772244
1,747_FED_20190328b_3T2_PL2017,crit_VERB, 465,0.094187
1,748_FED_20190328c_3T2_PL2017,crit_CODE, 465,3.309605
1,748_FED_20190328c_3T2_PL2017,crit_VERB, 465,1.285383
1,749_FED_20190404a_3T2_PL2017,crit_CODE, 465,3.866499
1,749_FED_20190404a_3T2_PL2017,crit_VERB, 465,0.507565
1,750_FED_20190404b_3T2_PL2017,crit_CODE, 465,2.908631
1,750_FED_20190404b_3T2_PL2017,crit_VERB, 465,0.464776
1,751_FED_20190404c_3T2_PL2017,crit_CODE, 465,5.626664
1,751_FED_20190404c_3T2_PL2017,crit_VERB, 465,2.065244
1,752_FED_20190404d_3T2_PL2017,crit_CODE, 465,5.051392
1,752_FED_20190404d_3T2_PL2017,crit_VERB, 465,1.763781
1,754_FED_20190405b_3T2_PL2017,crit_CODE, 465,3.047064
1,754_FED_20190405b_3T2_PL2017,crit_VERB, 465,0.363211
1,755_FED_20190411a_3T2_PL2017,crit_CODE, 465,2.151499
1,755_FED_20190411a_3T2_PL2017,crit_VERB, 465,0.408215
1,756_FED_20190411b_3T2_PL2017,crit_CODE, 465,-0.036835
1,756_FED_20190411b_3T2_PL2017,crit_VERB, 465,0.890550
1,757_FED_20190411c_3T2_PL2017,crit_CODE, 465,3.157246
1,757_FED_20190411c_3T2_PL2017,crit_VERB, 465,0.937801
1,773_FED_20190605c_3T2_PL2017,crit_CODE, 465,4.558031
1,773_FED_20190605c_3T2_PL2017,crit_VERB, 465,1.008497
1,774_FED_20190605b_3T2_PL2017,crit_CODE, 465,5.826862
1,774_FED_20190605b_3T2_PL2017,crit_VERB, 465,2.182012
1,775_FED_20190611a_3T2_PL2017,crit_CODE, 465,4.256428
1,775_FED_20190611a_3T2_PL2017,crit_VERB, 465,2.220288
1,776_FED_20190611b_3T2_PL2017,crit_CODE, 465,3.197858
1,776_FED_20190611b_3T2_PL2017,crit_VERB, 465,0.555755
1,777_FED_20190611c_3T2_PL2017,crit_CODE, 465,2.597542
1,777_FED_20190611c_3T2_PL2017,crit_VERB, 465,0.514868
1,778_FED_20190614b_3T2_PL2017,crit_CODE, 465,5.470276
1,778_FED_20190614b_3T2_PL2017,crit_VERB, 465,0.083852
2,730_FED_20190306a_3T2_PL2017,crit_CODE, 482,2.133478
2,730_FED_20190306a_3T2_PL2017,crit_VERB, 482,0.832948
2,741_FED_20190320a_3T2_PL2017,crit_CODE, 482,3.478584
2,741_FED_20190320a_3T2_PL2017,crit_VERB, 482,0.862282
2,746_FED_20190328a_3T2_PL2017,crit_CODE, 482,1.362072
2,746_FED_20190328a_3T2_PL2017,crit_VERB, 482,0.597332
2,747_FED_20190328b_3T2_PL2017,crit_CODE, 482,1.953200
2,747_FED_20190328b_3T2_PL2017,crit_VERB, 482,-0.248646
2,748_FED_20190328c_3T2_PL2017,crit_CODE, 482,3.964152
2,748_FED_20190328c_3T2_PL2017,crit_VERB, 482,0.940720
2,749_FED_20190404a_3T2_PL2017,crit_CODE, 482,4.958406
2,749_FED_20190404a_3T2_PL2017,crit_VERB, 482,0.301442
2,750_FED_20190404b_3T2_PL2017,crit_CODE, 482,3.636760
2,750_FED_20190404b_3T2_PL2017,crit_VERB, 482,0.995895
2,751_FED_20190404c_3T2_PL2017,crit_CODE, 482,2.135274
2,751_FED_20190404c_3T2_PL2017,crit_VERB, 482,-0.659712
2,752_FED_20190404d_3T2_PL2017,crit_CODE, 482,5.375552
2,752_FED_20190404d_3T2_PL2017,crit_VERB, 482,1.927564
2,754_FED_20190405b_3T2_PL2017,crit_CODE, 482,4.600945
2,754_FED_20190405b_3T2_PL2017,crit_VERB, 482,0.869204
2,755_FED_20190411a_3T2_PL2017,crit_CODE, 482,2.943653
2,755_FED_20190411a_3T2_PL2017,crit_VERB, 482,0.913125
2,756_FED_20190411b_3T2_PL2017,crit_CODE, 482,1.134886
2,756_FED_20190411b_3T2_PL2017,crit_VERB, 482,1.064354
2,757_FED_20190411c_3T2_PL2017,crit_CODE, 482,3.120323
2,757_FED_20190411c_3T2_PL2017,crit_VERB, 482,1.207050
2,773_FED_20190605c_3T2_PL2017,crit_CODE, 482,7.159287
2,773_FED_20190605c_3T2_PL2017,crit_VERB, 482,0.895965
2,774_FED_20190605b_3T2_PL2017,crit_CODE, 482,4.092528
2,774_FED_20190605b_3T2_PL2017,crit_VERB, 482,-0.072226
2,775_FED_20190611a_3T2_PL2017,crit_CODE, 482,3.968418
2,775_FED_20190611a_3T2_PL2017,crit_VERB, 482,1.475830
2,776_FED_20190611b_3T2_PL2017,crit_CODE, 482,4.102022
2,776_FED_20190611b_3T2_PL2017,crit_VERB, 482,0.606950
2,777_FED_20190611c_3T2_PL2017,crit_CODE, 482,3.373748
2,777_FED_20190611c_3T2_PL2017,crit_VERB, 482,0.194475
2,778_FED_20190614b_3T2_PL2017,crit_CODE, 482,6.702303
2,778_FED_20190614b_3T2_PL2017,crit_VERB, 482,0.555022
3,730_FED_20190306a_3T2_PL2017,crit_CODE, 306,2.652752
3,730_FED_20190306a_3T2_PL2017,crit_VERB, 306,0.762898
3,741_FED_20190320a_3T2_PL2017,crit_CODE, 306,3.248703
3,741_FED_20190320a_3T2_PL2017,crit_VERB, 306,0.884584
3,746_FED_20190328a_3T2_PL2017,crit_CODE, 306,1.433734
3,746_FED_20190328a_3T2_PL2017,crit_VERB, 306,0.203933
3,747_FED_20190328b_3T2_PL2017,crit_CODE, 306,2.159468
3,747_FED_20190328b_3T2_PL2017,crit_VERB, 306,-0.615172
3,748_FED_20190328c_3T2_PL2017,crit_CODE, 306,3.497820
3,748_FED_20190328c_3T2_PL2017,crit_VERB, 306,0.776417
3,749_FED_20190404a_3T2_PL2017,crit_CODE, 306,2.345014
3,749_FED_20190404a_3T2_PL2017,crit_VERB, 306,-0.075351
3,750_FED_20190404b_3T2_PL2017,crit_CODE, 306,2.308070
3,750_FED_20190404b_3T2_PL2017,crit_VERB, 306,-0.182399
3,751_FED_20190404c_3T2_PL2017,crit_CODE, 306,2.328635
3,751_FED_20190404c_3T2_PL2017,crit_VERB, 306,0.132135
3,752_FED_20190404d_3T2_PL2017,crit_CODE, 306,4.344355
3,752_FED_20190404d_3T2_PL2017,crit_VERB, 306,1.194993
3,754_FED_20190405b_3T2_PL2017,crit_CODE, 306,2.605001
3,754_FED_20190405b_3T2_PL2017,crit_VERB, 306,0.220589
3,755_FED_20190411a_3T2_PL2017,crit_CODE, 306,2.505126
3,755_FED_20190411a_3T2_PL2017,crit_VERB, 306,0.582702
3,756_FED_20190411b_3T2_PL2017,crit_CODE, 306,-0.294041
3,756_FED_20190411b_3T2_PL2017,crit_VERB, 306,0.681169
3,757_FED_20190411c_3T2_PL2017,crit_CODE, 306,3.397598
3,757_FED_20190411c_3T2_PL2017,crit_VERB, 306,1.159781
3,773_FED_20190605c_3T2_PL2017,crit_CODE, 306,3.360064
3,773_FED_20190605c_3T2_PL2017,crit_VERB, 306,0.146377
3,774_FED_20190605b_3T2_PL2017,crit_CODE, 306,5.212980
3,774_FED_20190605b_3T2_PL2017,crit_VERB, 306,1.382953
3,775_FED_20190611a_3T2_PL2017,crit_CODE, 306,2.572586
3,775_FED_20190611a_3T2_PL2017,crit_VERB, 306,0.923482
3,776_FED_20190611b_3T2_PL2017,crit_CODE, 306,2.440370
3,776_FED_20190611b_3T2_PL2017,crit_VERB, 306,1.107515
3,777_FED_20190611c_3T2_PL2017,crit_CODE, 306,2.554405
3,777_FED_20190611c_3T2_PL2017,crit_VERB, 306,1.048607
3,778_FED_20190614b_3T2_PL2017,crit_CODE, 306,5.776027
3,778_FED_20190614b_3T2_PL2017,crit_VERB, 306,0.900192
4,730_FED_20190306a_3T2_PL2017,crit_CODE, 133,2.182647
4,730_FED_20190306a_3T2_PL2017,crit_VERB, 133,0.792276
4,741_FED_20190320a_3T2_PL2017,crit_CODE, 133,4.924896
4,741_FED_20190320a_3T2_PL2017,crit_VERB, 133,2.051389
4,746_FED_20190328a_3T2_PL2017,crit_CODE, 133,1.333692
4,746_FED_20190328a_3T2_PL2017,crit_VERB, 133,0.603671
4,747_FED_20190328b_3T2_PL2017,crit_CODE, 133,2.763090
4,747_FED_20190328b_3T2_PL2017,crit_VERB, 133,-0.735349
4,748_FED_20190328c_3T2_PL2017,crit_CODE, 133,3.288426
4,748_FED_20190328c_3T2_PL2017,crit_VERB, 133,1.253020
4,749_FED_20190404a_3T2_PL2017,crit_CODE, 133,6.703333
4,749_FED_20190404a_3T2_PL2017,crit_VERB, 133,-0.445397
4,750_FED_20190404b_3T2_PL2017,crit_CODE, 133,6.324785
4,750_FED_20190404b_3T2_PL2017,crit_VERB, 133,3.028562
4,751_FED_20190404c_3T2_PL2017,crit_CODE, 133,2.989738
4,751_FED_20190404c_3T2_PL2017,crit_VERB, 133,0.251205
4,752_FED_20190404d_3T2_PL2017,crit_CODE, 133,7.767724
4,752_FED_20190404d_3T2_PL2017,crit_VERB, 133,2.422685
4,754_FED_20190405b_3T2_PL2017,crit_CODE, 133,4.486917
4,754_FED_20190405b_3T2_PL2017,crit_VERB, 133,0.923265
4,755_FED_20190411a_3T2_PL2017,crit_CODE, 133,5.841529
4,755_FED_20190411a_3T2_PL2017,crit_VERB, 133,2.072550
4,756_FED_20190411b_3T2_PL2017,crit_CODE, 133,-0.847516
4,756_FED_20190411b_3T2_PL2017,crit_VERB, 133,0.158695
4,757_FED_20190411c_3T2_PL2017,crit_CODE, 133,3.088719
4,757_FED_20190411c_3T2_PL2017,crit_VERB, 133,1.081122
4,773_FED_20190605c_3T2_PL2017,crit_CODE, 133,6.966938
4,773_FED_20190605c_3T2_PL2017,crit_VERB, 133,-0.311177
4,774_FED_20190605b_3T2_PL2017,crit_CODE, 133,5.487499
4,774_FED_20190605b_3T2_PL2017,crit_VERB, 133,-0.668231
4,775_FED_20190611a_3T2_PL2017,crit_CODE, 133,5.339500
4,775_FED_20190611a_3T2_PL2017,crit_VERB, 133,2.160125
4,776_FED_20190611b_3T2_PL2017,crit_CODE, 133,3.332705
4,776_FED_20190611b_3T2_PL2017,crit_VERB, 133,0.955897
4,777_FED_20190611c_3T2_PL2017,crit_CODE, 133,3.727681
4,777_FED_20190611c_3T2_PL2017,crit_VERB, 133,1.489980
4,778_FED_20190614b_3T2_PL2017,crit_CODE, 133,5.877653
4,778_FED_20190614b_3T2_PL2017,crit_VERB, 133,0.467815
5,730_FED_20190306a_3T2_PL2017,crit_CODE, 550,3.192618
5,730_FED_20190306a_3T2_PL2017,crit_VERB, 550,1.491072
5,741_FED_20190320a_3T2_PL2017,crit_CODE, 550,5.268822
5,741_FED_20190320a_3T2_PL2017,crit_VERB, 550,1.521340
5,746_FED_20190328a_3T2_PL2017,crit_CODE, 550,2.040878
5,746_FED_20190328a_3T2_PL2017,crit_VERB, 550,0.529282
5,747_FED_20190328b_3T2_PL2017,crit_CODE, 550,2.036305
5,747_FED_20190328b_3T2_PL2017,crit_VERB, 550,0.009934
5,748_FED_20190328c_3T2_PL2017,crit_CODE, 550,5.485598
5,748_FED_20190328c_3T2_PL2017,crit_VERB, 550,2.851701
5,749_FED_20190404a_3T2_PL2017,crit_CODE, 550,5.611910
5,749_FED_20190404a_3T2_PL2017,crit_VERB, 550,0.318528
5,750_FED_20190404b_3T2_PL2017,crit_CODE, 550,3.088998
5,750_FED_20190404b_3T2_PL2017,crit_VERB, 550,1.255836
5,751_FED_20190404c_3T2_PL2017,crit_CODE, 550,5.066697
5,751_FED_20190404c_3T2_PL2017,crit_VERB, 550,-0.270896
5,752_FED_20190404d_3T2_PL2017,crit_CODE, 550,9.909255
5,752_FED_20190404d_3T2_PL2017,crit_VERB, 550,3.338025
5,754_FED_20190405b_3T2_PL2017,crit_CODE, 550,2.709337
5,754_FED_20190405b_3T2_PL2017,crit_VERB, 550,0.543485
5,755_FED_20190411a_3T2_PL2017,crit_CODE, 550,3.763425
5,755_FED_20190411a_3T2_PL2017,crit_VERB, 550,1.529953
5,756_FED_20190411b_3T2_PL2017,crit_CODE, 550,-0.097113
5,756_FED_20190411b_3T2_PL2017,crit_VERB, 550,0.455601
5,757_FED_20190411c_3T2_PL2017,crit_CODE, 550,3.244453
5,757_FED_20190411c_3T2_PL2017,crit_VERB, 550,1.286456
5,773_FED_20190605c_3T2_PL2017,crit_CODE, 550,7.328183
5,773_FED_20190605c_3T2_PL2017,crit_VERB, 550,1.670551
5,774_FED_20190605b_3T2_PL2017,crit_CODE, 550,7.205051
5,774_FED_20190605b_3T2_PL2017,crit_VERB, 550,1.545267
5,775_FED_20190611a_3T2_PL2017,crit_CODE, 550,3.522699
5,775_FED_20190611a_3T2_PL2017,crit_VERB, 550,1.622198
5,776_FED_20190611b_3T2_PL2017,crit_CODE, 550,4.742346
5,776_FED_20190611b_3T2_PL2017,crit_VERB, 550,1.282422
5,777_FED_20190611c_3T2_PL2017,crit_CODE, 550,2.879488
5,777_FED_20190611c_3T2_PL2017,crit_VERB, 550,0.639769
5,778_FED_20190614b_3T2_PL2017,crit_CODE, 550,8.260559
5,778_FED_20190614b_3T2_PL2017,crit_VERB, 550,1.292493
6,730_FED_20190306a_3T2_PL2017,crit_CODE, 190,2.801958
6,730_FED_20190306a_3T2_PL2017,crit_VERB, 190,1.532883
6,741_FED_20190320a_3T2_PL2017,crit_CODE, 190,5.039416
6,741_FED_20190320a_3T2_PL2017,crit_VERB, 190,2.104565
6,746_FED_20190328a_3T2_PL2017,crit_CODE, 190,0.996069
6,746_FED_20190328a_3T2_PL2017,crit_VERB, 190,0.098671
6,747_FED_20190328b_3T2_PL2017,crit_CODE, 190,2.174172
6,747_FED_20190328b_3T2_PL2017,crit_VERB, 190,0.439904
6,748_FED_20190328c_3T2_PL2017,crit_CODE, 190,3.135808
6,748_FED_20190328c_3T2_PL2017,crit_VERB, 190,0.408499
6,749_FED_20190404a_3T2_PL2017,crit_CODE, 190,3.312276
6,749_FED_20190404a_3T2_PL2017,crit_VERB, 190,0.707871
6,750_FED_20190404b_3T2_PL2017,crit_CODE, 190,4.793725
6,750_FED_20190404b_3T2_PL2017,crit_VERB, 190,2.190572
6,751_FED_20190404c_3T2_PL2017,crit_CODE, 190,3.204990
6,751_FED_20190404c_3T2_PL2017,crit_VERB, 190,0.265382
6,752_FED_20190404d_3T2_PL2017,crit_CODE, 190,6.011107
6,752_FED_20190404d_3T2_PL2017,crit_VERB, 190,2.017845
6,754_FED_20190405b_3T2_PL2017,crit_CODE, 190,3.834022
6,754_FED_20190405b_3T2_PL2017,crit_VERB, 190,1.299685
6,755_FED_20190411a_3T2_PL2017,crit_CODE, 190,2.319613
6,755_FED_20190411a_3T2_PL2017,crit_VERB, 190,0.231798
6,756_FED_20190411b_3T2_PL2017,crit_CODE, 190,0.685529
6,756_FED_20190411b_3T2_PL2017,crit_VERB, 190,1.042144
6,757_FED_20190411c_3T2_PL2017,crit_CODE, 190,2.999156
6,757_FED_20190411c_3T2_PL2017,crit_VERB, 190,1.382678
6,773_FED_20190605c_3T2_PL2017,crit_CODE, 190,7.266816
6,773_FED_20190605c_3T2_PL2017,crit_VERB, 190,1.252135
6,774_FED_20190605b_3T2_PL2017,crit_CODE, 190,7.893363
6,774_FED_20190605b_3T2_PL2017,crit_VERB, 190,2.360071
6,775_FED_20190611a_3T2_PL2017,crit_CODE, 190,2.935985
6,775_FED_20190611a_3T2_PL2017,crit_VERB, 190,1.375852
6,776_FED_20190611b_3T2_PL2017,crit_CODE, 190,5.467414
6,776_FED_20190611b_3T2_PL2017,crit_VERB, 190,2.219517
6,777_FED_20190611c_3T2_PL2017,crit_CODE, 190,2.161429
6,777_FED_20190611c_3T2_PL2017,crit_VERB, 190,0.483638
6,778_FED_20190614b_3T2_PL2017,crit_CODE, 190,8.327659
6,778_FED_20190614b_3T2_PL2017,crit_VERB, 190,2.721309
7,730_FED_20190306a_3T2_PL2017,crit_CODE, 137,2.432963
7,730_FED_20190306a_3T2_PL2017,crit_VERB, 137,0.771047
7,741_FED_20190320a_3T2_PL2017,crit_CODE, 137,2.170349
7,741_FED_20190320a_3T2_PL2017,crit_VERB, 137,0.096951
7,746_FED_20190328a_3T2_PL2017,crit_CODE, 137,1.672856
7,746_FED_20190328a_3T2_PL2017,crit_VERB, 137,0.223082
7,747_FED_20190328b_3T2_PL2017,crit_CODE, 137,1.494884
7,747_FED_20190328b_3T2_PL2017,crit_VERB, 137,-0.361751
7,748_FED_20190328c_3T2_PL2017,crit_CODE, 137,2.647386
7,748_FED_20190328c_3T2_PL2017,crit_VERB, 137,0.036755
7,749_FED_20190404a_3T2_PL2017,crit_CODE, 137,2.032256
7,749_FED_20190404a_3T2_PL2017,crit_VERB, 137,-0.446093
7,750_FED_20190404b_3T2_PL2017,crit_CODE, 137,3.102587
7,750_FED_20190404b_3T2_PL2017,crit_VERB, 137,0.178885
7,751_FED_20190404c_3T2_PL2017,crit_CODE, 137,2.270616
7,751_FED_20190404c_3T2_PL2017,crit_VERB, 137,-0.294685
7,752_FED_20190404d_3T2_PL2017,crit_CODE, 137,2.556235
7,752_FED_20190404d_3T2_PL2017,crit_VERB, 137,-0.072471
7,754_FED_20190405b_3T2_PL2017,crit_CODE, 137,2.549936
7,754_FED_20190405b_3T2_PL2017,crit_VERB, 137,-0.058534
7,755_FED_20190411a_3T2_PL2017,crit_CODE, 137,2.061715
7,755_FED_20190411a_3T2_PL2017,crit_VERB, 137,0.062304
7,756_FED_20190411b_3T2_PL2017,crit_CODE, 137,-1.399549
7,756_FED_20190411b_3T2_PL2017,crit_VERB, 137,0.313918
7,757_FED_20190411c_3T2_PL2017,crit_CODE, 137,2.396297
7,757_FED_20190411c_3T2_PL2017,crit_VERB, 137,0.225324
7,773_FED_20190605c_3T2_PL2017,crit_CODE, 137,2.318880
7,773_FED_20190605c_3T2_PL2017,crit_VERB, 137,-0.484882
7,774_FED_20190605b_3T2_PL2017,crit_CODE, 137,5.812055
7,774_FED_20190605b_3T2_PL2017,crit_VERB, 137,0.901374
7,775_FED_20190611a_3T2_PL2017,crit_CODE, 137,1.380411
7,775_FED_20190611a_3T2_PL2017,crit_VERB, 137,-0.019889
7,776_FED_20190611b_3T2_PL2017,crit_CODE, 137,1.106745
7,776_FED_20190611b_3T2_PL2017,crit_VERB, 137,0.024878
7,777_FED_20190611c_3T2_PL2017,crit_CODE, 137,1.943763
7,777_FED_20190611c_3T2_PL2017,crit_VERB, 137,-0.133749
7,778_FED_20190614b_3T2_PL2017,crit_CODE, 137,4.172424
7,778_FED_20190614b_3T2_PL2017,crit_VERB, 137,0.023916
8,730_FED_20190306a_3T2_PL2017,crit_CODE, 167,3.533796
8,730_FED_20190306a_3T2_PL2017,crit_VERB, 167,1.606863
8,741_FED_20190320a_3T2_PL2017,crit_CODE, 167,3.899048
8,741_FED_20190320a_3T2_PL2017,crit_VERB, 167,1.238697
8,746_FED_20190328a_3T2_PL2017,crit_CODE, 167,0.758292
8,746_FED_20190328a_3T2_PL2017,crit_VERB, 167,-0.004946
8,747_FED_20190328b_3T2_PL2017,crit_CODE, 167,3.290502
8,747_FED_20190328b_3T2_PL2017,crit_VERB, 167,0.482531
8,748_FED_20190328c_3T2_PL2017,crit_CODE, 167,4.406677
8,748_FED_20190328c_3T2_PL2017,crit_VERB, 167,1.593127
8,749_FED_20190404a_3T2_PL2017,crit_CODE, 167,7.732553
8,749_FED_20190404a_3T2_PL2017,crit_VERB, 167,2.840338
8,750_FED_20190404b_3T2_PL2017,crit_CODE, 167,3.758168
8,750_FED_20190404b_3T2_PL2017,crit_VERB, 167,1.113927
8,751_FED_20190404c_3T2_PL2017,crit_CODE, 167,3.263866
8,751_FED_20190404c_3T2_PL2017,crit_VERB, 167,0.171917
8,752_FED_20190404d_3T2_PL2017,crit_CODE, 167,6.206531
8,752_FED_20190404d_3T2_PL2017,crit_VERB, 167,1.687909
8,754_FED_20190405b_3T2_PL2017,crit_CODE, 167,3.412311
8,754_FED_20190405b_3T2_PL2017,crit_VERB, 167,0.608111
8,755_FED_20190411a_3T2_PL2017,crit_CODE, 167,2.762770
8,755_FED_20190411a_3T2_PL2017,crit_VERB, 167,0.452264
8,756_FED_20190411b_3T2_PL2017,crit_CODE, 167,0.031190
8,756_FED_20190411b_3T2_PL2017,crit_VERB, 167,0.863475
8,757_FED_20190411c_3T2_PL2017,crit_CODE, 167,3.460429
8,757_FED_20190411c_3T2_PL2017,crit_VERB, 167,1.553531
8,773_FED_20190605c_3T2_PL2017,crit_CODE, 167,4.147680
8,773_FED_20190605c_3T2_PL2017,crit_VERB, 167,0.535421
8,774_FED_20190605b_3T2_PL2017,crit_CODE, 167,4.552160
8,774_FED_20190605b_3T2_PL2017,crit_VERB, 167,1.506636
8,775_FED_20190611a_3T2_PL2017,crit_CODE, 167,2.290737
8,775_FED_20190611a_3T2_PL2017,crit_VERB, 167,1.281717
8,776_FED_20190611b_3T2_PL2017,crit_CODE, 167,3.988778
8,776_FED_20190611b_3T2_PL2017,crit_VERB, 167,1.978488
8,777_FED_20190611c_3T2_PL2017,crit_CODE, 167,2.154466
8,777_FED_20190611c_3T2_PL2017,crit_VERB, 167,0.803299
8,778_FED_20190614b_3T2_PL2017,crit_CODE, 167,6.086478
8,778_FED_20190614b_3T2_PL2017,crit_VERB, 167,1.122383
9,730_FED_20190306a_3T2_PL2017,crit_CODE, 306,2.890613
9,730_FED_20190306a_3T2_PL2017,crit_VERB, 306,1.561777
9,741_FED_20190320a_3T2_PL2017,crit_CODE, 306,4.143781
9,741_FED_20190320a_3T2_PL2017,crit_VERB, 306,2.095915
9,746_FED_20190328a_3T2_PL2017,crit_CODE, 306,1.427690
9,746_FED_20190328a_3T2_PL2017,crit_VERB, 306,0.487042
9,747_FED_20190328b_3T2_PL2017,crit_CODE, 306,1.916553
9,747_FED_20190328b_3T2_PL2017,crit_VERB, 306,0.157784
9,748_FED_20190328c_3T2_PL2017,crit_CODE, 306,4.215205
9,748_FED_20190328c_3T2_PL2017,crit_VERB, 306,2.454226
9,749_FED_20190404a_3T2_PL2017,crit_CODE, 306,3.078339
9,749_FED_20190404a_3T2_PL2017,crit_VERB, 306,0.315155
9,750_FED_20190404b_3T2_PL2017,crit_CODE, 306,2.773480
9,750_FED_20190404b_3T2_PL2017,crit_VERB, 306,1.410787
9,751_FED_20190404c_3T2_PL2017,crit_CODE, 306,4.129242
9,751_FED_20190404c_3T2_PL2017,crit_VERB, 306,0.529874
9,752_FED_20190404d_3T2_PL2017,crit_CODE, 306,6.141343
9,752_FED_20190404d_3T2_PL2017,crit_VERB, 306,2.340210
9,754_FED_20190405b_3T2_PL2017,crit_CODE, 306,1.789186
9,754_FED_20190405b_3T2_PL2017,crit_VERB, 306,0.593575
9,755_FED_20190411a_3T2_PL2017,crit_CODE, 306,3.199171
9,755_FED_20190411a_3T2_PL2017,crit_VERB, 306,1.648745
9,756_FED_20190411b_3T2_PL2017,crit_CODE, 306,-0.630098
9,756_FED_20190411b_3T2_PL2017,crit_VERB, 306,0.418470
9,757_FED_20190411c_3T2_PL2017,crit_CODE, 306,3.213015
9,757_FED_20190411c_3T2_PL2017,crit_VERB, 306,1.396923
9,773_FED_20190605c_3T2_PL2017,crit_CODE, 306,6.126113
9,773_FED_20190605c_3T2_PL2017,crit_VERB, 306,1.410230
9,774_FED_20190605b_3T2_PL2017,crit_CODE, 306,7.689758
9,774_FED_20190605b_3T2_PL2017,crit_VERB, 306,2.085651
9,775_FED_20190611a_3T2_PL2017,crit_CODE, 306,3.388527
9,775_FED_20190611a_3T2_PL2017,crit_VERB, 306,2.421719
9,776_FED_20190611b_3T2_PL2017,crit_CODE, 306,3.293807
9,776_FED_20190611b_3T2_PL2017,crit_VERB, 306,0.861705
9,777_FED_20190611c_3T2_PL2017,crit_CODE, 306,3.776890
9,777_FED_20190611c_3T2_PL2017,crit_VERB, 306,1.422178
9,778_FED_20190614b_3T2_PL2017,crit_CODE, 306,6.227877
9,778_FED_20190614b_3T2_PL2017,crit_VERB, 306,1.812950
10,730_FED_20190306a_3T2_PL2017,crit_CODE, 69,4.845435
10,730_FED_20190306a_3T2_PL2017,crit_VERB, 69,2.731036
10,741_FED_20190320a_3T2_PL2017,crit_CODE, 69,6.731509
10,741_FED_20190320a_3T2_PL2017,crit_VERB, 69,2.137475
10,746_FED_20190328a_3T2_PL2017,crit_CODE, 69,2.024569
10,746_FED_20190328a_3T2_PL2017,crit_VERB, 69,0.580551
10,747_FED_20190328b_3T2_PL2017,crit_CODE, 69,3.420200
10,747_FED_20190328b_3T2_PL2017,crit_VERB, 69,0.489688
10,748_FED_20190328c_3T2_PL2017,crit_CODE, 69,4.623384
10,748_FED_20190328c_3T2_PL2017,crit_VERB, 69,3.794914
10,749_FED_20190404a_3T2_PL2017,crit_CODE, 69,3.562785
10,749_FED_20190404a_3T2_PL2017,crit_VERB, 69,0.316529
10,750_FED_20190404b_3T2_PL2017,crit_CODE, 69,3.739926
10,750_FED_20190404b_3T2_PL2017,crit_VERB, 69,2.224923
10,751_FED_20190404c_3T2_PL2017,crit_CODE, 69,7.392721
10,751_FED_20190404c_3T2_PL2017,crit_VERB, 69,0.908809
10,752_FED_20190404d_3T2_PL2017,crit_CODE, 69,9.916213
10,752_FED_20190404d_3T2_PL2017,crit_VERB, 69,4.252563
10,754_FED_20190405b_3T2_PL2017,crit_CODE, 69,3.561457
10,754_FED_20190405b_3T2_PL2017,crit_VERB, 69,1.024477
10,755_FED_20190411a_3T2_PL2017,crit_CODE, 69,5.522024
10,755_FED_20190411a_3T2_PL2017,crit_VERB, 69,3.275367
10,756_FED_20190411b_3T2_PL2017,crit_CODE, 69,0.893958
10,756_FED_20190411b_3T2_PL2017,crit_VERB, 69,0.234881
10,757_FED_20190411c_3T2_PL2017,crit_CODE, 69,4.146412
10,757_FED_20190411c_3T2_PL2017,crit_VERB, 69,2.413226
10,773_FED_20190605c_3T2_PL2017,crit_CODE, 69,9.830170
10,773_FED_20190605c_3T2_PL2017,crit_VERB, 69,3.120928
10,774_FED_20190605b_3T2_PL2017,crit_CODE, 69,2.861267
10,774_FED_20190605b_3T2_PL2017,crit_VERB, 69,-0.104162
10,775_FED_20190611a_3T2_PL2017,crit_CODE, 69,1.478248
10,775_FED_20190611a_3T2_PL2017,crit_VERB, 69,0.983792
10,776_FED_20190611b_3T2_PL2017,crit_CODE, 69,4.016812
10,776_FED_20190611b_3T2_PL2017,crit_VERB, 69,2.033552
10,777_FED_20190611c_3T2_PL2017,crit_CODE, 69,0.982680
10,777_FED_20190611c_3T2_PL2017,crit_VERB, 69,0.963488
10,778_FED_20190614b_3T2_PL2017,crit_CODE, 69,5.072276
10,778_FED_20190614b_3T2_PL2017,crit_VERB, 69,2.697539
11,730_FED_20190306a_3T2_PL2017,crit_CODE, 52,2.835770
11,730_FED_20190306a_3T2_PL2017,crit_VERB, 52,2.019824
11,741_FED_20190320a_3T2_PL2017,crit_CODE, 52,2.424310
11,741_FED_20190320a_3T2_PL2017,crit_VERB, 52,1.193091
11,746_FED_20190328a_3T2_PL2017,crit_CODE, 52,0.869463
11,746_FED_20190328a_3T2_PL2017,crit_VERB, 52,0.084184
11,747_FED_20190328b_3T2_PL2017,crit_CODE, 52,0.832877
11,747_FED_20190328b_3T2_PL2017,crit_VERB, 52,0.213736
11,748_FED_20190328c_3T2_PL2017,crit_CODE, 52,1.201437
11,748_FED_20190328c_3T2_PL2017,crit_VERB, 52,1.062431
11,749_FED_20190404a_3T2_PL2017,crit_CODE, 52,3.240640
11,749_FED_20190404a_3T2_PL2017,crit_VERB, 52,-0.423621
11,750_FED_20190404b_3T2_PL2017,crit_CODE, 52,3.719671
11,750_FED_20190404b_3T2_PL2017,crit_VERB, 52,1.377909
11,751_FED_20190404c_3T2_PL2017,crit_CODE, 52,3.534440
11,751_FED_20190404c_3T2_PL2017,crit_VERB, 52,-0.409332
11,752_FED_20190404d_3T2_PL2017,crit_CODE, 52,5.365996
11,752_FED_20190404d_3T2_PL2017,crit_VERB, 52,0.711407
11,754_FED_20190405b_3T2_PL2017,crit_CODE, 52,2.508294
11,754_FED_20190405b_3T2_PL2017,crit_VERB, 52,1.181067
11,755_FED_20190411a_3T2_PL2017,crit_CODE, 52,5.994834
11,755_FED_20190411a_3T2_PL2017,crit_VERB, 52,1.653286
11,756_FED_20190411b_3T2_PL2017,crit_CODE, 52,-2.671303
11,756_FED_20190411b_3T2_PL2017,crit_VERB, 52,0.611150
11,757_FED_20190411c_3T2_PL2017,crit_CODE, 52,5.517137
11,757_FED_20190411c_3T2_PL2017,crit_VERB, 52,1.799239
11,773_FED_20190605c_3T2_PL2017,crit_CODE, 52,5.800079
11,773_FED_20190605c_3T2_PL2017,crit_VERB, 52,-0.928088
11,774_FED_20190605b_3T2_PL2017,crit_CODE, 52,3.576300
11,774_FED_20190605b_3T2_PL2017,crit_VERB, 52,0.584168
11,775_FED_20190611a_3T2_PL2017,crit_CODE, 52,7.252477
11,775_FED_20190611a_3T2_PL2017,crit_VERB, 52,3.706396
11,776_FED_20190611b_3T2_PL2017,crit_CODE, 52,3.027455
11,776_FED_20190611b_3T2_PL2017,crit_VERB, 52,1.223740
11,777_FED_20190611c_3T2_PL2017,crit_CODE, 52,2.732690
11,777_FED_20190611c_3T2_PL2017,crit_VERB, 52,1.054250
11,778_FED_20190614b_3T2_PL2017,crit_CODE, 52,9.181287
11,778_FED_20190614b_3T2_PL2017,crit_VERB, 52,3.400402
12,730_FED_20190306a_3T2_PL2017,crit_CODE, 126,5.443483
12,730_FED_20190306a_3T2_PL2017,crit_VERB, 126,2.768768
12,741_FED_20190320a_3T2_PL2017,crit_CODE, 126,3.749838
12,741_FED_20190320a_3T2_PL2017,crit_VERB, 126,0.954126
12,746_FED_20190328a_3T2_PL2017,crit_CODE, 126,4.645023
12,746_FED_20190328a_3T2_PL2017,crit_VERB, 126,2.740912
12,747_FED_20190328b_3T2_PL2017,crit_CODE, 126,3.394325
12,747_FED_20190328b_3T2_PL2017,crit_VERB, 126,-0.118439
12,748_FED_20190328c_3T2_PL2017,crit_CODE, 126,3.475995
12,748_FED_20190328c_3T2_PL2017,crit_VERB, 126,1.374306
12,749_FED_20190404a_3T2_PL2017,crit_CODE, 126,2.421984
12,749_FED_20190404a_3T2_PL2017,crit_VERB, 126,0.034843
12,750_FED_20190404b_3T2_PL2017,crit_CODE, 126,4.401965
12,750_FED_20190404b_3T2_PL2017,crit_VERB, 126,1.865173
12,751_FED_20190404c_3T2_PL2017,crit_CODE, 126,2.575861
12,751_FED_20190404c_3T2_PL2017,crit_VERB, 126,-0.227279
12,752_FED_20190404d_3T2_PL2017,crit_CODE, 126,4.834268
12,752_FED_20190404d_3T2_PL2017,crit_VERB, 126,2.471829
12,754_FED_20190405b_3T2_PL2017,crit_CODE, 126,2.448576
12,754_FED_20190405b_3T2_PL2017,crit_VERB, 126,0.054307
12,755_FED_20190411a_3T2_PL2017,crit_CODE, 126,5.249284
12,755_FED_20190411a_3T2_PL2017,crit_VERB, 126,2.570537
12,756_FED_20190411b_3T2_PL2017,crit_CODE, 126,2.045094
12,756_FED_20190411b_3T2_PL2017,crit_VERB, 126,0.242422
12,757_FED_20190411c_3T2_PL2017,crit_CODE, 126,2.468073
12,757_FED_20190411c_3T2_PL2017,crit_VERB, 126,0.675181
12,773_FED_20190605c_3T2_PL2017,crit_CODE, 126,5.853831
12,773_FED_20190605c_3T2_PL2017,crit_VERB, 126,1.568832
12,774_FED_20190605b_3T2_PL2017,crit_CODE, 126,4.247737
12,774_FED_20190605b_3T2_PL2017,crit_VERB, 126,1.186855
12,775_FED_20190611a_3T2_PL2017,crit_CODE, 126,4.033401
12,775_FED_20190611a_3T2_PL2017,crit_VERB, 126,2.621773
12,776_FED_20190611b_3T2_PL2017,crit_CODE, 126,2.097196
12,776_FED_20190611b_3T2_PL2017,crit_VERB, 126,1.039530
12,777_FED_20190611c_3T2_PL2017,crit_CODE, 126,5.109062
12,777_FED_20190611c_3T2_PL2017,crit_VERB, 126,1.689753
12,778_FED_20190614b_3T2_PL2017,crit_CODE, 126,5.483118
12,778_FED_20190614b_3T2_PL2017,crit_VERB, 126,0.891788
13,730_FED_20190306a_3T2_PL2017,crit_CODE, 104,3.584070
13,730_FED_20190306a_3T2_PL2017,crit_VERB, 104,1.158576
13,741_FED_20190320a_3T2_PL2017,crit_CODE, 104,3.241885
13,741_FED_20190320a_3T2_PL2017,crit_VERB, 104,0.339022
13,746_FED_20190328a_3T2_PL2017,crit_CODE, 104,1.729522
13,746_FED_20190328a_3T2_PL2017,crit_VERB, 104,-0.234432
13,747_FED_20190328b_3T2_PL2017,crit_CODE, 104,1.508005
13,747_FED_20190328b_3T2_PL2017,crit_VERB, 104,-0.234505
13,748_FED_20190328c_3T2_PL2017,crit_CODE, 104,4.665444
13,748_FED_20190328c_3T2_PL2017,crit_VERB, 104,3.268500
13,749_FED_20190404a_3T2_PL2017,crit_CODE, 104,1.734568
13,749_FED_20190404a_3T2_PL2017,crit_VERB, 104,0.137022
13,750_FED_20190404b_3T2_PL2017,crit_CODE, 104,2.605816
13,750_FED_20190404b_3T2_PL2017,crit_VERB, 104,1.603682
13,751_FED_20190404c_3T2_PL2017,crit_CODE, 104,1.298508
13,751_FED_20190404c_3T2_PL2017,crit_VERB, 104,0.638747
13,752_FED_20190404d_3T2_PL2017,crit_CODE, 104,4.464734
13,752_FED_20190404d_3T2_PL2017,crit_VERB, 104,1.125107
13,754_FED_20190405b_3T2_PL2017,crit_CODE, 104,1.974703
13,754_FED_20190405b_3T2_PL2017,crit_VERB, 104,2.956679
13,755_FED_20190411a_3T2_PL2017,crit_CODE, 104,3.960358
13,755_FED_20190411a_3T2_PL2017,crit_VERB, 104,0.958430
13,756_FED_20190411b_3T2_PL2017,crit_CODE, 104,-0.722462
13,756_FED_20190411b_3T2_PL2017,crit_VERB, 104,0.490695
13,757_FED_20190411c_3T2_PL2017,crit_CODE, 104,4.694634
13,757_FED_20190411c_3T2_PL2017,crit_VERB, 104,1.724395
13,773_FED_20190605c_3T2_PL2017,crit_CODE, 104,4.404631
13,773_FED_20190605c_3T2_PL2017,crit_VERB, 104,0.927289
13,774_FED_20190605b_3T2_PL2017,crit_CODE, 104,6.557469
13,774_FED_20190605b_3T2_PL2017,crit_VERB, 104,0.860660
13,775_FED_20190611a_3T2_PL2017,crit_CODE, 104,4.125694
13,775_FED_20190611a_3T2_PL2017,crit_VERB, 104,2.772523
13,776_FED_20190611b_3T2_PL2017,crit_CODE, 104,3.118466
13,776_FED_20190611b_3T2_PL2017,crit_VERB, 104,0.536912
13,777_FED_20190611c_3T2_PL2017,crit_CODE, 104,4.693785
13,777_FED_20190611c_3T2_PL2017,crit_VERB, 104,1.187637
13,778_FED_20190614b_3T2_PL2017,crit_CODE, 104,4.752338
13,778_FED_20190614b_3T2_PL2017,crit_VERB, 104,0.450726
14,730_FED_20190306a_3T2_PL2017,crit_CODE, 46,4.367343
14,730_FED_20190306a_3T2_PL2017,crit_VERB, 46,2.154792
14,741_FED_20190320a_3T2_PL2017,crit_CODE, 46,7.697832
14,741_FED_20190320a_3T2_PL2017,crit_VERB, 46,1.721838
14,746_FED_20190328a_3T2_PL2017,crit_CODE, 46,3.204729
14,746_FED_20190328a_3T2_PL2017,crit_VERB, 46,0.988995
14,747_FED_20190328b_3T2_PL2017,crit_CODE, 46,4.444681
14,747_FED_20190328b_3T2_PL2017,crit_VERB, 46,-0.121415
14,748_FED_20190328c_3T2_PL2017,crit_CODE, 46,4.500070
14,748_FED_20190328c_3T2_PL2017,crit_VERB, 46,1.845524
14,749_FED_20190404a_3T2_PL2017,crit_CODE, 46,3.951185
14,749_FED_20190404a_3T2_PL2017,crit_VERB, 46,-0.471174
14,750_FED_20190404b_3T2_PL2017,crit_CODE, 46,4.836022
14,750_FED_20190404b_3T2_PL2017,crit_VERB, 46,2.185323
14,751_FED_20190404c_3T2_PL2017,crit_CODE, 46,-0.120324
14,751_FED_20190404c_3T2_PL2017,crit_VERB, 46,0.911423
14,752_FED_20190404d_3T2_PL2017,crit_CODE, 46,6.561036
14,752_FED_20190404d_3T2_PL2017,crit_VERB, 46,2.403591
14,754_FED_20190405b_3T2_PL2017,crit_CODE, 46,2.522120
14,754_FED_20190405b_3T2_PL2017,crit_VERB, 46,1.853037
14,755_FED_20190411a_3T2_PL2017,crit_CODE, 46,5.281066
14,755_FED_20190411a_3T2_PL2017,crit_VERB, 46,2.326370
14,756_FED_20190411b_3T2_PL2017,crit_CODE, 46,0.713887
14,756_FED_20190411b_3T2_PL2017,crit_VERB, 46,0.564441
14,757_FED_20190411c_3T2_PL2017,crit_CODE, 46,2.503866
14,757_FED_20190411c_3T2_PL2017,crit_VERB, 46,0.575086
14,773_FED_20190605c_3T2_PL2017,crit_CODE, 46,5.175248
14,773_FED_20190605c_3T2_PL2017,crit_VERB, 46,2.340976
14,774_FED_20190605b_3T2_PL2017,crit_CODE, 46,2.954831
14,774_FED_20190605b_3T2_PL2017,crit_VERB, 46,1.157598
14,775_FED_20190611a_3T2_PL2017,crit_CODE, 46,3.810441
14,775_FED_20190611a_3T2_PL2017,crit_VERB, 46,2.853953
14,776_FED_20190611b_3T2_PL2017,crit_CODE, 46,3.041347
14,776_FED_20190611b_3T2_PL2017,crit_VERB, 46,0.612771
14,777_FED_20190611c_3T2_PL2017,crit_CODE, 46,0.924015
14,777_FED_20190611c_3T2_PL2017,crit_VERB, 46,0.207718
14,778_FED_20190614b_3T2_PL2017,crit_CODE, 46,8.737132
14,778_FED_20190614b_3T2_PL2017,crit_VERB, 46,1.846925
15,730_FED_20190306a_3T2_PL2017,crit_CODE, 33,1.591075
15,730_FED_20190306a_3T2_PL2017,crit_VERB, 33,0.645537
15,741_FED_20190320a_3T2_PL2017,crit_CODE, 33,2.261752
15,741_FED_20190320a_3T2_PL2017,crit_VERB, 33,0.690991
15,746_FED_20190328a_3T2_PL2017,crit_CODE, 33,0.898026
15,746_FED_20190328a_3T2_PL2017,crit_VERB, 33,0.550472
15,747_FED_20190328b_3T2_PL2017,crit_CODE, 33,1.011194
15,747_FED_20190328b_3T2_PL2017,crit_VERB, 33,-0.510347
15,748_FED_20190328c_3T2_PL2017,crit_CODE, 33,2.952701
15,748_FED_20190328c_3T2_PL2017,crit_VERB, 33,1.661118
15,749_FED_20190404a_3T2_PL2017,crit_CODE, 33,-0.402924
15,749_FED_20190404a_3T2_PL2017,crit_VERB, 33,-0.585810
15,750_FED_20190404b_3T2_PL2017,crit_CODE, 33,1.195020
15,750_FED_20190404b_3T2_PL2017,crit_VERB, 33,0.471210
15,751_FED_20190404c_3T2_PL2017,crit_CODE, 33,1.183960
15,751_FED_20190404c_3T2_PL2017,crit_VERB, 33,-0.272389
15,752_FED_20190404d_3T2_PL2017,crit_CODE, 33,1.275681
15,752_FED_20190404d_3T2_PL2017,crit_VERB, 33,0.764330
15,754_FED_20190405b_3T2_PL2017,crit_CODE, 33,0.926565
15,754_FED_20190405b_3T2_PL2017,crit_VERB, 33,-0.022962
15,755_FED_20190411a_3T2_PL2017,crit_CODE, 33,0.531138
15,755_FED_20190411a_3T2_PL2017,crit_VERB, 33,-0.229485
15,756_FED_20190411b_3T2_PL2017,crit_CODE, 33,0.647409
15,756_FED_20190411b_3T2_PL2017,crit_VERB, 33,0.197802
15,757_FED_20190411c_3T2_PL2017,crit_CODE, 33,2.099201
15,757_FED_20190411c_3T2_PL2017,crit_VERB, 33,0.846422
15,773_FED_20190605c_3T2_PL2017,crit_CODE, 33,2.730636
15,773_FED_20190605c_3T2_PL2017,crit_VERB, 33,-0.302422
15,774_FED_20190605b_3T2_PL2017,crit_CODE, 33,4.036265
15,774_FED_20190605b_3T2_PL2017,crit_VERB, 33,0.840885
15,775_FED_20190611a_3T2_PL2017,crit_CODE, 33,3.462491
15,775_FED_20190611a_3T2_PL2017,crit_VERB, 33,2.019440
15,776_FED_20190611b_3T2_PL2017,crit_CODE, 33,2.184229
15,776_FED_20190611b_3T2_PL2017,crit_VERB, 33,1.229934
15,777_FED_20190611c_3T2_PL2017,crit_CODE, 33,1.643425
15,777_FED_20190611c_3T2_PL2017,crit_VERB, 33,0.038570
15,778_FED_20190614b_3T2_PL2017,crit_CODE, 33,2.807796
15,778_FED_20190614b_3T2_PL2017,crit_VERB, 33,-0.497879
16,730_FED_20190306a_3T2_PL2017,crit_CODE, 78,4.415254
16,730_FED_20190306a_3T2_PL2017,crit_VERB, 78,2.419058
16,741_FED_20190320a_3T2_PL2017,crit_CODE, 78,4.045552
16,741_FED_20190320a_3T2_PL2017,crit_VERB, 78,0.693663
16,746_FED_20190328a_3T2_PL2017,crit_CODE, 78,1.778980
16,746_FED_20190328a_3T2_PL2017,crit_VERB, 78,0.803273
16,747_FED_20190328b_3T2_PL2017,crit_CODE, 78,2.433298
16,747_FED_20190328b_3T2_PL2017,crit_VERB, 78,-0.130806
16,748_FED_20190328c_3T2_PL2017,crit_CODE, 78,4.412459
16,748_FED_20190328c_3T2_PL2017,crit_VERB, 78,2.658284
16,749_FED_20190404a_3T2_PL2017,crit_CODE, 78,2.665242
16,749_FED_20190404a_3T2_PL2017,crit_VERB, 78,0.357398
16,750_FED_20190404b_3T2_PL2017,crit_CODE, 78,2.124172
16,750_FED_20190404b_3T2_PL2017,crit_VERB, 78,1.473564
16,751_FED_20190404c_3T2_PL2017,crit_CODE, 78,2.241551
16,751_FED_20190404c_3T2_PL2017,crit_VERB, 78,0.908151
16,752_FED_20190404d_3T2_PL2017,crit_CODE, 78,4.904678
16,752_FED_20190404d_3T2_PL2017,crit_VERB, 78,2.165481
16,754_FED_20190405b_3T2_PL2017,crit_CODE, 78,2.093546
16,754_FED_20190405b_3T2_PL2017,crit_VERB, 78,1.203088
16,755_FED_20190411a_3T2_PL2017,crit_CODE, 78,0.883675
16,755_FED_20190411a_3T2_PL2017,crit_VERB, 78,0.574498
16,756_FED_20190411b_3T2_PL2017,crit_CODE, 78,-0.279854
16,756_FED_20190411b_3T2_PL2017,crit_VERB, 78,0.431700
16,757_FED_20190411c_3T2_PL2017,crit_CODE, 78,4.943914
16,757_FED_20190411c_3T2_PL2017,crit_VERB, 78,1.956893
16,773_FED_20190605c_3T2_PL2017,crit_CODE, 78,2.244983
16,773_FED_20190605c_3T2_PL2017,crit_VERB, 78,0.128044
16,774_FED_20190605b_3T2_PL2017,crit_CODE, 78,4.264200
16,774_FED_20190605b_3T2_PL2017,crit_VERB, 78,1.951680
16,775_FED_20190611a_3T2_PL2017,crit_CODE, 78,3.338759
16,775_FED_20190611a_3T2_PL2017,crit_VERB, 78,1.574453
16,776_FED_20190611b_3T2_PL2017,crit_CODE, 78,1.446901
16,776_FED_20190611b_3T2_PL2017,crit_VERB, 78,1.170287
16,777_FED_20190611c_3T2_PL2017,crit_CODE, 78,4.346181
16,777_FED_20190611c_3T2_PL2017,crit_VERB, 78,1.546781
16,778_FED_20190614b_3T2_PL2017,crit_CODE, 78,2.887084
16,778_FED_20190614b_3T2_PL2017,crit_VERB, 78,0.605340
17,730_FED_20190306a_3T2_PL2017,crit_CODE, 38,3.580869
17,730_FED_20190306a_3T2_PL2017,crit_VERB, 38,1.823266
17,741_FED_20190320a_3T2_PL2017,crit_CODE, 38,4.195794
17,741_FED_20190320a_3T2_PL2017,crit_VERB, 38,1.651268
17,746_FED_20190328a_3T2_PL2017,crit_CODE, 38,1.043507
17,746_FED_20190328a_3T2_PL2017,crit_VERB, 38,1.237479
17,747_FED_20190328b_3T2_PL2017,crit_CODE, 38,2.584111
17,747_FED_20190328b_3T2_PL2017,crit_VERB, 38,-0.671067
17,748_FED_20190328c_3T2_PL2017,crit_CODE, 38,3.692213
17,748_FED_20190328c_3T2_PL2017,crit_VERB, 38,2.395123
17,749_FED_20190404a_3T2_PL2017,crit_CODE, 38,0.836771
17,749_FED_20190404a_3T2_PL2017,crit_VERB, 38,0.285390
17,750_FED_20190404b_3T2_PL2017,crit_CODE, 38,2.042889
17,750_FED_20190404b_3T2_PL2017,crit_VERB, 38,0.209683
17,751_FED_20190404c_3T2_PL2017,crit_CODE, 38,0.523676
17,751_FED_20190404c_3T2_PL2017,crit_VERB, 38,0.896760
17,752_FED_20190404d_3T2_PL2017,crit_CODE, 38,4.187514
17,752_FED_20190404d_3T2_PL2017,crit_VERB, 38,1.693680
17,754_FED_20190405b_3T2_PL2017,crit_CODE, 38,1.615440
17,754_FED_20190405b_3T2_PL2017,crit_VERB, 38,1.291803
17,755_FED_20190411a_3T2_PL2017,crit_CODE, 38,2.140103
17,755_FED_20190411a_3T2_PL2017,crit_VERB, 38,2.341872
17,756_FED_20190411b_3T2_PL2017,crit_CODE, 38,-0.021065
17,756_FED_20190411b_3T2_PL2017,crit_VERB, 38,0.900791
17,757_FED_20190411c_3T2_PL2017,crit_CODE, 38,2.117370
17,757_FED_20190411c_3T2_PL2017,crit_VERB, 38,0.938773
17,773_FED_20190605c_3T2_PL2017,crit_CODE, 38,3.514686
17,773_FED_20190605c_3T2_PL2017,crit_VERB, 38,1.170690
17,774_FED_20190605b_3T2_PL2017,crit_CODE, 38,1.781869
17,774_FED_20190605b_3T2_PL2017,crit_VERB, 38,1.036114
17,775_FED_20190611a_3T2_PL2017,crit_CODE, 38,1.937785
17,775_FED_20190611a_3T2_PL2017,crit_VERB, 38,1.610238
17,776_FED_20190611b_3T2_PL2017,crit_CODE, 38,1.177328
17,776_FED_20190611b_3T2_PL2017,crit_VERB, 38,1.479121
17,777_FED_20190611c_3T2_PL2017,crit_CODE, 38,2.948370
17,777_FED_20190611c_3T2_PL2017,crit_VERB, 38,0.507960
17,778_FED_20190614b_3T2_PL2017,crit_CODE, 38,2.460839
17,778_FED_20190614b_3T2_PL2017,crit_VERB, 38,1.126786
18,730_FED_20190306a_3T2_PL2017,crit_CODE, 26,5.622130
18,730_FED_20190306a_3T2_PL2017,crit_VERB, 26,3.110493
18,741_FED_20190320a_3T2_PL2017,crit_CODE, 26,-0.282173
18,741_FED_20190320a_3T2_PL2017,crit_VERB, 26,0.428220
18,746_FED_20190328a_3T2_PL2017,crit_CODE, 26,1.869127
18,746_FED_20190328a_3T2_PL2017,crit_VERB, 26,2.037599
18,747_FED_20190328b_3T2_PL2017,crit_CODE, 26,3.369724
18,747_FED_20190328b_3T2_PL2017,crit_VERB, 26,0.693036
18,748_FED_20190328c_3T2_PL2017,crit_CODE, 26,3.861295
18,748_FED_20190328c_3T2_PL2017,crit_VERB, 26,2.192605
18,749_FED_20190404a_3T2_PL2017,crit_CODE, 26,2.892978
18,749_FED_20190404a_3T2_PL2017,crit_VERB, 26,1.418511
18,750_FED_20190404b_3T2_PL2017,crit_CODE, 26,2.931583
18,750_FED_20190404b_3T2_PL2017,crit_VERB, 26,2.580158
18,751_FED_20190404c_3T2_PL2017,crit_CODE, 26,2.480964
18,751_FED_20190404c_3T2_PL2017,crit_VERB, 26,1.033205
18,752_FED_20190404d_3T2_PL2017,crit_CODE, 26,3.623405
18,752_FED_20190404d_3T2_PL2017,crit_VERB, 26,2.193504
18,754_FED_20190405b_3T2_PL2017,crit_CODE, 26,3.034751
18,754_FED_20190405b_3T2_PL2017,crit_VERB, 26,2.630614
18,755_FED_20190411a_3T2_PL2017,crit_CODE, 26,4.604021
18,755_FED_20190411a_3T2_PL2017,crit_VERB, 26,3.193928
18,756_FED_20190411b_3T2_PL2017,crit_CODE, 26,-1.177269
18,756_FED_20190411b_3T2_PL2017,crit_VERB, 26,1.311025
18,757_FED_20190411c_3T2_PL2017,crit_CODE, 26,1.188414
18,757_FED_20190411c_3T2_PL2017,crit_VERB, 26,0.584317
18,773_FED_20190605c_3T2_PL2017,crit_CODE, 26,3.049206
18,773_FED_20190605c_3T2_PL2017,crit_VERB, 26,1.200983
18,774_FED_20190605b_3T2_PL2017,crit_CODE, 26,3.078142
18,774_FED_20190605b_3T2_PL2017,crit_VERB, 26,1.326524
18,775_FED_20190611a_3T2_PL2017,crit_CODE, 26,6.862998
18,775_FED_20190611a_3T2_PL2017,crit_VERB, 26,5.544621
18,776_FED_20190611b_3T2_PL2017,crit_CODE, 26,1.606390
18,776_FED_20190611b_3T2_PL2017,crit_VERB, 26,1.662337
18,777_FED_20190611c_3T2_PL2017,crit_CODE, 26,4.174765
18,777_FED_20190611c_3T2_PL2017,crit_VERB, 26,0.981553
18,778_FED_20190614b_3T2_PL2017,crit_CODE, 26,3.662928
18,778_FED_20190614b_3T2_PL2017,crit_VERB, 26,1.961910
19,730_FED_20190306a_3T2_PL2017,crit_CODE, 13,2.983933
19,730_FED_20190306a_3T2_PL2017,crit_VERB, 13,1.878894
19,741_FED_20190320a_3T2_PL2017,crit_CODE, 13,2.414228
19,741_FED_20190320a_3T2_PL2017,crit_VERB, 13,0.780860
19,746_FED_20190328a_3T2_PL2017,crit_CODE, 13,2.451992
19,746_FED_20190328a_3T2_PL2017,crit_VERB, 13,2.202209
19,747_FED_20190328b_3T2_PL2017,crit_CODE, 13,0.476725
19,747_FED_20190328b_3T2_PL2017,crit_VERB, 13,-0.059713
19,748_FED_20190328c_3T2_PL2017,crit_CODE, 13,1.688830
19,748_FED_20190328c_3T2_PL2017,crit_VERB, 13,0.893703
19,749_FED_20190404a_3T2_PL2017,crit_CODE, 13,-0.212504
19,749_FED_20190404a_3T2_PL2017,crit_VERB, 13,-0.156851
19,750_FED_20190404b_3T2_PL2017,crit_CODE, 13,2.629544
19,750_FED_20190404b_3T2_PL2017,crit_VERB, 13,0.908385
19,751_FED_20190404c_3T2_PL2017,crit_CODE, 13,2.735558
19,751_FED_20190404c_3T2_PL2017,crit_VERB, 13,0.911963
19,752_FED_20190404d_3T2_PL2017,crit_CODE, 13,0.854577
19,752_FED_20190404d_3T2_PL2017,crit_VERB, 13,0.262526
19,754_FED_20190405b_3T2_PL2017,crit_CODE, 13,1.908481
19,754_FED_20190405b_3T2_PL2017,crit_VERB, 13,-1.227925
19,755_FED_20190411a_3T2_PL2017,crit_CODE, 13,1.106780
19,755_FED_20190411a_3T2_PL2017,crit_VERB, 13,0.854843
19,756_FED_20190411b_3T2_PL2017,crit_CODE, 13,-0.965934
19,756_FED_20190411b_3T2_PL2017,crit_VERB, 13,0.267786
19,757_FED_20190411c_3T2_PL2017,crit_CODE, 13,1.454835
19,757_FED_20190411c_3T2_PL2017,crit_VERB, 13,1.090843
19,773_FED_20190605c_3T2_PL2017,crit_CODE, 13,3.286695
19,773_FED_20190605c_3T2_PL2017,crit_VERB, 13,0.466247
19,774_FED_20190605b_3T2_PL2017,crit_CODE, 13,1.294471
19,774_FED_20190605b_3T2_PL2017,crit_VERB, 13,0.158049
19,775_FED_20190611a_3T2_PL2017,crit_CODE, 13,1.896586
19,775_FED_20190611a_3T2_PL2017,crit_VERB, 13,1.399507
19,776_FED_20190611b_3T2_PL2017,crit_CODE, 13,0.991291
19,776_FED_20190611b_3T2_PL2017,crit_VERB, 13,1.230249
19,777_FED_20190611c_3T2_PL2017,crit_CODE, 13,2.618650
19,777_FED_20190611c_3T2_PL2017,crit_VERB, 13,0.498399
19,778_FED_20190614b_3T2_PL2017,crit_CODE, 13,0.435276
19,778_FED_20190614b_3T2_PL2017,crit_VERB, 13,-0.386863
20,730_FED_20190306a_3T2_PL2017,crit_CODE, 9,1.559660
20,730_FED_20190306a_3T2_PL2017,crit_VERB, 9,1.001558
20,741_FED_20190320a_3T2_PL2017,crit_CODE, 9,2.529382
20,741_FED_20190320a_3T2_PL2017,crit_VERB, 9,0.616985
20,746_FED_20190328a_3T2_PL2017,crit_CODE, 9,1.158532
20,746_FED_20190328a_3T2_PL2017,crit_VERB, 9,0.637413
20,747_FED_20190328b_3T2_PL2017,crit_CODE, 9,1.535717
20,747_FED_20190328b_3T2_PL2017,crit_VERB, 9,-0.137837
20,748_FED_20190328c_3T2_PL2017,crit_CODE, 9,0.681842
20,748_FED_20190328c_3T2_PL2017,crit_VERB, 9,0.446677
20,749_FED_20190404a_3T2_PL2017,crit_CODE, 9,2.256338
20,749_FED_20190404a_3T2_PL2017,crit_VERB, 9,0.692316
20,750_FED_20190404b_3T2_PL2017,crit_CODE, 9,1.534613
20,750_FED_20190404b_3T2_PL2017,crit_VERB, 9,0.840109
20,751_FED_20190404c_3T2_PL2017,crit_CODE, 9,0.802783
20,751_FED_20190404c_3T2_PL2017,crit_VERB, 9,0.480223
20,752_FED_20190404d_3T2_PL2017,crit_CODE, 9,3.305783
20,752_FED_20190404d_3T2_PL2017,crit_VERB, 9,0.998449
20,754_FED_20190405b_3T2_PL2017,crit_CODE, 9,0.587874
20,754_FED_20190405b_3T2_PL2017,crit_VERB, 9,0.601900
20,755_FED_20190411a_3T2_PL2017,crit_CODE, 9,0.662042
20,755_FED_20190411a_3T2_PL2017,crit_VERB, 9,0.428530
20,756_FED_20190411b_3T2_PL2017,crit_CODE, 9,-1.339406
20,756_FED_20190411b_3T2_PL2017,crit_VERB, 9,0.327553
20,757_FED_20190411c_3T2_PL2017,crit_CODE, 9,1.351058
20,757_FED_20190411c_3T2_PL2017,crit_VERB, 9,0.491790
20,773_FED_20190605c_3T2_PL2017,crit_CODE, 9,2.427215
20,773_FED_20190605c_3T2_PL2017,crit_VERB, 9,0.561451
20,774_FED_20190605b_3T2_PL2017,crit_CODE, 9,0.554835
20,774_FED_20190605b_3T2_PL2017,crit_VERB, 9,0.484323
20,775_FED_20190611a_3T2_PL2017,crit_CODE, 9,3.358304
20,775_FED_20190611a_3T2_PL2017,crit_VERB, 9,2.209908
20,776_FED_20190611b_3T2_PL2017,crit_CODE, 9,0.973835
20,776_FED_20190611b_3T2_PL2017,crit_VERB, 9,1.016603
20,777_FED_20190611c_3T2_PL2017,crit_CODE, 9,2.246239
20,777_FED_20190611c_3T2_PL2017,crit_VERB, 9,0.695387
20,778_FED_20190614b_3T2_PL2017,crit_CODE, 9,4.941676
20,778_FED_20190614b_3T2_PL2017,crit_VERB, 9,1.529714
21,730_FED_20190306a_3T2_PL2017,crit_CODE, 11,3.143552
21,730_FED_20190306a_3T2_PL2017,crit_VERB, 11,1.814375
21,741_FED_20190320a_3T2_PL2017,crit_CODE, 11,8.522856
21,741_FED_20190320a_3T2_PL2017,crit_VERB, 11,5.538975
21,746_FED_20190328a_3T2_PL2017,crit_CODE, 11,1.464516
21,746_FED_20190328a_3T2_PL2017,crit_VERB, 11,1.092280
21,747_FED_20190328b_3T2_PL2017,crit_CODE, 11,2.496542
21,747_FED_20190328b_3T2_PL2017,crit_VERB, 11,0.033189
21,748_FED_20190328c_3T2_PL2017,crit_CODE, 11,4.437553
21,748_FED_20190328c_3T2_PL2017,crit_VERB, 11,2.362958
21,749_FED_20190404a_3T2_PL2017,crit_CODE, 11,0.097403
21,749_FED_20190404a_3T2_PL2017,crit_VERB, 11,0.421445
21,750_FED_20190404b_3T2_PL2017,crit_CODE, 11,2.438994
21,750_FED_20190404b_3T2_PL2017,crit_VERB, 11,1.996872
21,751_FED_20190404c_3T2_PL2017,crit_CODE, 11,1.896459
21,751_FED_20190404c_3T2_PL2017,crit_VERB, 11,0.889971
21,752_FED_20190404d_3T2_PL2017,crit_CODE, 11,1.605622
21,752_FED_20190404d_3T2_PL2017,crit_VERB, 11,0.180707
21,754_FED_20190405b_3T2_PL2017,crit_CODE, 11,1.102592
21,754_FED_20190405b_3T2_PL2017,crit_VERB, 11,1.420329
21,755_FED_20190411a_3T2_PL2017,crit_CODE, 11,2.553099
21,755_FED_20190411a_3T2_PL2017,crit_VERB, 11,2.036928
21,756_FED_20190411b_3T2_PL2017,crit_CODE, 11,-1.287306
21,756_FED_20190411b_3T2_PL2017,crit_VERB, 11,1.024315
21,757_FED_20190411c_3T2_PL2017,crit_CODE, 11,2.509347
21,757_FED_20190411c_3T2_PL2017,crit_VERB, 11,0.976823
21,773_FED_20190605c_3T2_PL2017,crit_CODE, 11,3.917770
21,773_FED_20190605c_3T2_PL2017,crit_VERB, 11,2.254237
21,774_FED_20190605b_3T2_PL2017,crit_CODE, 11,2.384233
21,774_FED_20190605b_3T2_PL2017,crit_VERB, 11,0.762023
21,775_FED_20190611a_3T2_PL2017,crit_CODE, 11,2.767000
21,775_FED_20190611a_3T2_PL2017,crit_VERB, 11,1.590804
21,776_FED_20190611b_3T2_PL2017,crit_CODE, 11,1.055072
21,776_FED_20190611b_3T2_PL2017,crit_VERB, 11,1.370086
21,777_FED_20190611c_3T2_PL2017,crit_CODE, 11,4.934018
21,777_FED_20190611c_3T2_PL2017,crit_VERB, 11,1.517519
21,778_FED_20190614b_3T2_PL2017,crit_CODE, 11,3.524393
21,778_FED_20190614b_3T2_PL2017,crit_VERB, 11,1.601130
22,730_FED_20190306a_3T2_PL2017,crit_CODE, 8,1.409608
22,730_FED_20190306a_3T2_PL2017,crit_VERB, 8,0.574077
22,741_FED_20190320a_3T2_PL2017,crit_CODE, 8,1.020522
22,741_FED_20190320a_3T2_PL2017,crit_VERB, 8,0.464782
22,746_FED_20190328a_3T2_PL2017,crit_CODE, 8,0.439649
22,746_FED_20190328a_3T2_PL2017,crit_VERB, 8,0.243897
22,747_FED_20190328b_3T2_PL2017,crit_CODE, 8,1.027481
22,747_FED_20190328b_3T2_PL2017,crit_VERB, 8,0.001740
22,748_FED_20190328c_3T2_PL2017,crit_CODE, 8,0.713476
22,748_FED_20190328c_3T2_PL2017,crit_VERB, 8,0.562927
22,749_FED_20190404a_3T2_PL2017,crit_CODE, 8,1.357099
22,749_FED_20190404a_3T2_PL2017,crit_VERB, 8,0.088105
22,750_FED_20190404b_3T2_PL2017,crit_CODE, 8,1.459239
22,750_FED_20190404b_3T2_PL2017,crit_VERB, 8,1.113142
22,751_FED_20190404c_3T2_PL2017,crit_CODE, 8,0.151149
22,751_FED_20190404c_3T2_PL2017,crit_VERB, 8,0.645063
22,752_FED_20190404d_3T2_PL2017,crit_CODE, 8,0.987693
22,752_FED_20190404d_3T2_PL2017,crit_VERB, 8,0.106118
22,754_FED_20190405b_3T2_PL2017,crit_CODE, 8,1.503860
22,754_FED_20190405b_3T2_PL2017,crit_VERB, 8,0.837634
22,755_FED_20190411a_3T2_PL2017,crit_CODE, 8,0.116608
22,755_FED_20190411a_3T2_PL2017,crit_VERB, 8,0.700067
22,756_FED_20190411b_3T2_PL2017,crit_CODE, 8,0.511732
22,756_FED_20190411b_3T2_PL2017,crit_VERB, 8,0.817068
22,757_FED_20190411c_3T2_PL2017,crit_CODE, 8,1.724073
22,757_FED_20190411c_3T2_PL2017,crit_VERB, 8,1.016001
22,773_FED_20190605c_3T2_PL2017,crit_CODE, 8,1.344014
22,773_FED_20190605c_3T2_PL2017,crit_VERB, 8,0.466846
22,774_FED_20190605b_3T2_PL2017,crit_CODE, 8,1.220387
22,774_FED_20190605b_3T2_PL2017,crit_VERB, 8,0.302947
22,775_FED_20190611a_3T2_PL2017,crit_CODE, 8,1.017730
22,775_FED_20190611a_3T2_PL2017,crit_VERB, 8,0.383944
22,776_FED_20190611b_3T2_PL2017,crit_CODE, 8,0.780876
22,776_FED_20190611b_3T2_PL2017,crit_VERB, 8,0.304039
22,777_FED_20190611c_3T2_PL2017,crit_CODE, 8,0.812947
22,777_FED_20190611c_3T2_PL2017,crit_VERB, 8,0.016600
22,778_FED_20190614b_3T2_PL2017,crit_CODE, 8,2.076064
22,778_FED_20190614b_3T2_PL2017,crit_VERB, 8,0.295282
23,730_FED_20190306a_3T2_PL2017,crit_CODE, 7,0.885605
23,730_FED_20190306a_3T2_PL2017,crit_VERB, 7,0.704126
23,741_FED_20190320a_3T2_PL2017,crit_CODE, 7,0.778620
23,741_FED_20190320a_3T2_PL2017,crit_VERB, 7,0.006542
23,746_FED_20190328a_3T2_PL2017,crit_CODE, 7,0.350026
23,746_FED_20190328a_3T2_PL2017,crit_VERB, 7,0.708952
23,747_FED_20190328b_3T2_PL2017,crit_CODE, 7,1.222412
23,747_FED_20190328b_3T2_PL2017,crit_VERB, 7,0.245181
23,748_FED_20190328c_3T2_PL2017,crit_CODE, 7,0.429017
23,748_FED_20190328c_3T2_PL2017,crit_VERB, 7,0.590319
23,749_FED_20190404a_3T2_PL2017,crit_CODE, 7,1.579150
23,749_FED_20190404a_3T2_PL2017,crit_VERB, 7,0.316395
23,750_FED_20190404b_3T2_PL2017,crit_CODE, 7,1.447397
23,750_FED_20190404b_3T2_PL2017,crit_VERB, 7,0.839948
23,751_FED_20190404c_3T2_PL2017,crit_CODE, 7,0.929364
23,751_FED_20190404c_3T2_PL2017,crit_VERB, 7,1.172201
23,752_FED_20190404d_3T2_PL2017,crit_CODE, 7,4.168630
23,752_FED_20190404d_3T2_PL2017,crit_VERB, 7,1.449482
23,754_FED_20190405b_3T2_PL2017,crit_CODE, 7,1.179100
23,754_FED_20190405b_3T2_PL2017,crit_VERB, 7,0.467260
23,755_FED_20190411a_3T2_PL2017,crit_CODE, 7,0.125135
23,755_FED_20190411a_3T2_PL2017,crit_VERB, 7,0.512237
23,756_FED_20190411b_3T2_PL2017,crit_CODE, 7,-0.682948
23,756_FED_20190411b_3T2_PL2017,crit_VERB, 7,0.962325
23,757_FED_20190411c_3T2_PL2017,crit_CODE, 7,1.650003
23,757_FED_20190411c_3T2_PL2017,crit_VERB, 7,0.818249
23,773_FED_20190605c_3T2_PL2017,crit_CODE, 7,1.757499
23,773_FED_20190605c_3T2_PL2017,crit_VERB, 7,0.834079
23,774_FED_20190605b_3T2_PL2017,crit_CODE, 7,1.351592
23,774_FED_20190605b_3T2_PL2017,crit_VERB, 7,0.417534
23,775_FED_20190611a_3T2_PL2017,crit_CODE, 7,0.825019
23,775_FED_20190611a_3T2_PL2017,crit_VERB, 7,0.582125
23,776_FED_20190611b_3T2_PL2017,crit_CODE, 7,0.673323
23,776_FED_20190611b_3T2_PL2017,crit_VERB, 7,0.231750
23,777_FED_20190611c_3T2_PL2017,crit_CODE, 7,1.299028
23,777_FED_20190611c_3T2_PL2017,crit_VERB, 7,0.598362
23,778_FED_20190614b_3T2_PL2017,crit_CODE, 7,2.034762
23,778_FED_20190614b_3T2_PL2017,crit_VERB, 7,0.585392
24,730_FED_20190306a_3T2_PL2017,crit_CODE, 25,4.570508
24,730_FED_20190306a_3T2_PL2017,crit_VERB, 25,2.487226
24,741_FED_20190320a_3T2_PL2017,crit_CODE, 25,4.170618
24,741_FED_20190320a_3T2_PL2017,crit_VERB, 25,0.761969
24,746_FED_20190328a_3T2_PL2017,crit_CODE, 25,1.535462
24,746_FED_20190328a_3T2_PL2017,crit_VERB, 25,-1.386500
24,747_FED_20190328b_3T2_PL2017,crit_CODE, 25,3.418805
24,747_FED_20190328b_3T2_PL2017,crit_VERB, 25,0.518878
24,748_FED_20190328c_3T2_PL2017,crit_CODE, 25,2.818226
24,748_FED_20190328c_3T2_PL2017,crit_VERB, 25,2.815485
24,749_FED_20190404a_3T2_PL2017,crit_CODE, 25,2.199453
24,749_FED_20190404a_3T2_PL2017,crit_VERB, 25,0.745869
24,750_FED_20190404b_3T2_PL2017,crit_CODE, 25,2.285674
24,750_FED_20190404b_3T2_PL2017,crit_VERB, 25,1.949503
24,751_FED_20190404c_3T2_PL2017,crit_CODE, 25,0.748789
24,751_FED_20190404c_3T2_PL2017,crit_VERB, 25,1.205136
24,752_FED_20190404d_3T2_PL2017,crit_CODE, 25,3.915417
24,752_FED_20190404d_3T2_PL2017,crit_VERB, 25,1.762363
24,754_FED_20190405b_3T2_PL2017,crit_CODE, 25,0.989340
24,754_FED_20190405b_3T2_PL2017,crit_VERB, 25,0.679902
24,755_FED_20190411a_3T2_PL2017,crit_CODE, 25,3.448329
24,755_FED_20190411a_3T2_PL2017,crit_VERB, 25,2.598510
24,756_FED_20190411b_3T2_PL2017,crit_CODE, 25,-3.901409
24,756_FED_20190411b_3T2_PL2017,crit_VERB, 25,0.720751
24,757_FED_20190411c_3T2_PL2017,crit_CODE, 25,1.593677
24,757_FED_20190411c_3T2_PL2017,crit_VERB, 25,0.666322
24,773_FED_20190605c_3T2_PL2017,crit_CODE, 25,3.800181
24,773_FED_20190605c_3T2_PL2017,crit_VERB, 25,2.092480
24,774_FED_20190605b_3T2_PL2017,crit_CODE, 25,2.506292
24,774_FED_20190605b_3T2_PL2017,crit_VERB, 25,0.093898
24,775_FED_20190611a_3T2_PL2017,crit_CODE, 25,5.016397
24,775_FED_20190611a_3T2_PL2017,crit_VERB, 25,2.888752
24,776_FED_20190611b_3T2_PL2017,crit_CODE, 25,2.338229
24,776_FED_20190611b_3T2_PL2017,crit_VERB, 25,1.584868
24,777_FED_20190611c_3T2_PL2017,crit_CODE, 25,4.756470
24,777_FED_20190611c_3T2_PL2017,crit_VERB, 25,0.811719
24,778_FED_20190614b_3T2_PL2017,crit_CODE, 25,4.166604
24,778_FED_20190614b_3T2_PL2017,crit_VERB, 25,1.807463
25,730_FED_20190306a_3T2_PL2017,crit_CODE, 3,0.865598
25,730_FED_20190306a_3T2_PL2017,crit_VERB, 3,0.702258
25,741_FED_20190320a_3T2_PL2017,crit_CODE, 3,2.208233
25,741_FED_20190320a_3T2_PL2017,crit_VERB, 3,0.458704
25,746_FED_20190328a_3T2_PL2017,crit_CODE, 3,1.780692
25,746_FED_20190328a_3T2_PL2017,crit_VERB, 3,0.508892
25,747_FED_20190328b_3T2_PL2017,crit_CODE, 3,-0.062707
25,747_FED_20190328b_3T2_PL2017,crit_VERB, 3,-0.257141
25,748_FED_20190328c_3T2_PL2017,crit_CODE, 3,1.329613
25,748_FED_20190328c_3T2_PL2017,crit_VERB, 3,1.344668
25,749_FED_20190404a_3T2_PL2017,crit_CODE, 3,0.092992
25,749_FED_20190404a_3T2_PL2017,crit_VERB, 3,0.947306
25,750_FED_20190404b_3T2_PL2017,crit_CODE, 3,1.299972
25,750_FED_20190404b_3T2_PL2017,crit_VERB, 3,0.992168
25,751_FED_20190404c_3T2_PL2017,crit_CODE, 3,2.815654
25,751_FED_20190404c_3T2_PL2017,crit_VERB, 3,0.247198
25,752_FED_20190404d_3T2_PL2017,crit_CODE, 3,0.600076
25,752_FED_20190404d_3T2_PL2017,crit_VERB, 3,0.744006
25,754_FED_20190405b_3T2_PL2017,crit_CODE, 3,1.913768
25,754_FED_20190405b_3T2_PL2017,crit_VERB, 3,1.238802
25,755_FED_20190411a_3T2_PL2017,crit_CODE, 3,0.637431
25,755_FED_20190411a_3T2_PL2017,crit_VERB, 3,-0.191567
25,756_FED_20190411b_3T2_PL2017,crit_CODE, 3,0.261919
25,756_FED_20190411b_3T2_PL2017,crit_VERB, 3,0.122085
25,757_FED_20190411c_3T2_PL2017,crit_CODE, 3,3.217826
25,757_FED_20190411c_3T2_PL2017,crit_VERB, 3,1.623444
25,773_FED_20190605c_3T2_PL2017,crit_CODE, 3,2.427747
25,773_FED_20190605c_3T2_PL2017,crit_VERB, 3,0.959600
25,774_FED_20190605b_3T2_PL2017,crit_CODE, 3,2.266759
25,774_FED_20190605b_3T2_PL2017,crit_VERB, 3,0.253749
25,775_FED_20190611a_3T2_PL2017,crit_CODE, 3,1.256619
25,775_FED_20190611a_3T2_PL2017,crit_VERB, 3,0.880105
25,776_FED_20190611b_3T2_PL2017,crit_CODE, 3,0.424051
25,776_FED_20190611b_3T2_PL2017,crit_VERB, 3,0.290998
25,777_FED_20190611c_3T2_PL2017,crit_CODE, 3,4.206207
25,777_FED_20190611c_3T2_PL2017,crit_VERB, 3,1.705951
25,778_FED_20190614b_3T2_PL2017,crit_CODE, 3,3.520029
25,778_FED_20190614b_3T2_PL2017,crit_VERB, 3,0.831006
26,730_FED_20190306a_3T2_PL2017,crit_CODE, 2,0.334503
26,730_FED_20190306a_3T2_PL2017,crit_VERB, 2,0.450999
26,741_FED_20190320a_3T2_PL2017,crit_CODE, 2,0.529035
26,741_FED_20190320a_3T2_PL2017,crit_VERB, 2,0.483367
26,746_FED_20190328a_3T2_PL2017,crit_CODE, 2,0.242569
26,746_FED_20190328a_3T2_PL2017,crit_VERB, 2,0.441322
26,747_FED_20190328b_3T2_PL2017,crit_CODE, 2,1.297707
26,747_FED_20190328b_3T2_PL2017,crit_VERB, 2,0.040720
26,748_FED_20190328c_3T2_PL2017,crit_CODE, 2,1.290766
26,748_FED_20190328c_3T2_PL2017,crit_VERB, 2,1.159414
26,749_FED_20190404a_3T2_PL2017,crit_CODE, 2,1.738397
26,749_FED_20190404a_3T2_PL2017,crit_VERB, 2,0.457166
26,750_FED_20190404b_3T2_PL2017,crit_CODE, 2,0.573802
26,750_FED_20190404b_3T2_PL2017,crit_VERB, 2,0.477471
26,751_FED_20190404c_3T2_PL2017,crit_CODE, 2,0.168674
26,751_FED_20190404c_3T2_PL2017,crit_VERB, 2,0.222108
26,752_FED_20190404d_3T2_PL2017,crit_CODE, 2,1.206865
26,752_FED_20190404d_3T2_PL2017,crit_VERB, 2,0.188148
26,754_FED_20190405b_3T2_PL2017,crit_CODE, 2,0.581901
26,754_FED_20190405b_3T2_PL2017,crit_VERB, 2,0.872832
26,755_FED_20190411a_3T2_PL2017,crit_CODE, 2,0.205461
26,755_FED_20190411a_3T2_PL2017,crit_VERB, 2,0.450704
26,756_FED_20190411b_3T2_PL2017,crit_CODE, 2,1.448271
26,756_FED_20190411b_3T2_PL2017,crit_VERB, 2,0.555455
26,757_FED_20190411c_3T2_PL2017,crit_CODE, 2,1.850701
26,757_FED_20190411c_3T2_PL2017,crit_VERB, 2,1.000976
26,773_FED_20190605c_3T2_PL2017,crit_CODE, 2,1.030572
26,773_FED_20190605c_3T2_PL2017,crit_VERB, 2,0.512913
26,774_FED_20190605b_3T2_PL2017,crit_CODE, 2,-0.091372
26,774_FED_20190605b_3T2_PL2017,crit_VERB, 2,0.064019
26,775_FED_20190611a_3T2_PL2017,crit_CODE, 2,1.538005
26,775_FED_20190611a_3T2_PL2017,crit_VERB, 2,0.882689
26,776_FED_20190611b_3T2_PL2017,crit_CODE, 2,0.149236
26,776_FED_20190611b_3T2_PL2017,crit_VERB, 2,0.338328
26,777_FED_20190611c_3T2_PL2017,crit_CODE, 2,1.025417
26,777_FED_20190611c_3T2_PL2017,crit_VERB, 2,0.473930
26,778_FED_20190614b_3T2_PL2017,crit_CODE, 2,1.464357
26,778_FED_20190614b_3T2_PL2017,crit_VERB, 2,0.771749
27,730_FED_20190306a_3T2_PL2017,crit_CODE, 4,0.465220
27,730_FED_20190306a_3T2_PL2017,crit_VERB, 4,0.619317
27,741_FED_20190320a_3T2_PL2017,crit_CODE, 4,1.224443
27,741_FED_20190320a_3T2_PL2017,crit_VERB, 4,-0.502702
27,746_FED_20190328a_3T2_PL2017,crit_CODE, 4,1.631203
27,746_FED_20190328a_3T2_PL2017,crit_VERB, 4,1.220646
27,747_FED_20190328b_3T2_PL2017,crit_CODE, 4,-0.699941
27,747_FED_20190328b_3T2_PL2017,crit_VERB, 4,-0.151712
27,748_FED_20190328c_3T2_PL2017,crit_CODE, 4,0.819265
27,748_FED_20190328c_3T2_PL2017,crit_VERB, 4,0.863810
27,749_FED_20190404a_3T2_PL2017,crit_CODE, 4,-0.572768
27,749_FED_20190404a_3T2_PL2017,crit_VERB, 4,-0.956798
27,750_FED_20190404b_3T2_PL2017,crit_CODE, 4,-0.042053
27,750_FED_20190404b_3T2_PL2017,crit_VERB, 4,-0.164925
27,751_FED_20190404c_3T2_PL2017,crit_CODE, 4,1.290081
27,751_FED_20190404c_3T2_PL2017,crit_VERB, 4,-0.916705
27,752_FED_20190404d_3T2_PL2017,crit_CODE, 4,1.409955
27,752_FED_20190404d_3T2_PL2017,crit_VERB, 4,0.640266
27,754_FED_20190405b_3T2_PL2017,crit_CODE, 4,1.491516
27,754_FED_20190405b_3T2_PL2017,crit_VERB, 4,-0.150104
27,755_FED_20190411a_3T2_PL2017,crit_CODE, 4,0.322335
27,755_FED_20190411a_3T2_PL2017,crit_VERB, 4,-0.194059
27,756_FED_20190411b_3T2_PL2017,crit_CODE, 4,-3.330111
27,756_FED_20190411b_3T2_PL2017,crit_VERB, 4,0.977788
27,757_FED_20190411c_3T2_PL2017,crit_CODE, 4,3.461527
27,757_FED_20190411c_3T2_PL2017,crit_VERB, 4,2.320170
27,773_FED_20190605c_3T2_PL2017,crit_CODE, 4,1.147694
27,773_FED_20190605c_3T2_PL2017,crit_VERB, 4,-0.847325
27,774_FED_20190605b_3T2_PL2017,crit_CODE, 4,0.917399
27,774_FED_20190605b_3T2_PL2017,crit_VERB, 4,-0.107896
27,775_FED_20190611a_3T2_PL2017,crit_CODE, 4,3.049377
27,775_FED_20190611a_3T2_PL2017,crit_VERB, 4,1.746117
27,776_FED_20190611b_3T2_PL2017,crit_CODE, 4,0.784364
27,776_FED_20190611b_3T2_PL2017,crit_VERB, 4,0.303633
27,777_FED_20190611c_3T2_PL2017,crit_CODE, 4,2.476716
27,777_FED_20190611c_3T2_PL2017,crit_VERB, 4,-0.821801
27,778_FED_20190614b_3T2_PL2017,crit_CODE, 4,0.882585
27,778_FED_20190614b_3T2_PL2017,crit_VERB, 4,0.268725
28,730_FED_20190306a_3T2_PL2017,crit_CODE, 3,2.763748
28,730_FED_20190306a_3T2_PL2017,crit_VERB, 3,0.791381
28,741_FED_20190320a_3T2_PL2017,crit_CODE, 3,1.868837
28,741_FED_20190320a_3T2_PL2017,crit_VERB, 3,0.402299
28,746_FED_20190328a_3T2_PL2017,crit_CODE, 3,1.414359
28,746_FED_20190328a_3T2_PL2017,crit_VERB, 3,0.955944
28,747_FED_20190328b_3T2_PL2017,crit_CODE, 3,0.374181
28,747_FED_20190328b_3T2_PL2017,crit_VERB, 3,-0.049178
28,748_FED_20190328c_3T2_PL2017,crit_CODE, 3,1.653838
28,748_FED_20190328c_3T2_PL2017,crit_VERB, 3,0.857031
28,749_FED_20190404a_3T2_PL2017,crit_CODE, 3,-0.121937
28,749_FED_20190404a_3T2_PL2017,crit_VERB, 3,0.003678
28,750_FED_20190404b_3T2_PL2017,crit_CODE, 3,1.092462
28,750_FED_20190404b_3T2_PL2017,crit_VERB, 3,0.429046
28,751_FED_20190404c_3T2_PL2017,crit_CODE, 3,1.578232
28,751_FED_20190404c_3T2_PL2017,crit_VERB, 3,-0.101235
28,752_FED_20190404d_3T2_PL2017,crit_CODE, 3,0.922002
28,752_FED_20190404d_3T2_PL2017,crit_VERB, 3,0.783281
28,754_FED_20190405b_3T2_PL2017,crit_CODE, 3,0.729178
28,754_FED_20190405b_3T2_PL2017,crit_VERB, 3,0.429061
28,755_FED_20190411a_3T2_PL2017,crit_CODE, 3,0.848913
28,755_FED_20190411a_3T2_PL2017,crit_VERB, 3,0.482181
28,756_FED_20190411b_3T2_PL2017,crit_CODE, 3,0.344765
28,756_FED_20190411b_3T2_PL2017,crit_VERB, 3,0.191414
28,757_FED_20190411c_3T2_PL2017,crit_CODE, 3,2.159309
28,757_FED_20190411c_3T2_PL2017,crit_VERB, 3,1.105384
28,773_FED_20190605c_3T2_PL2017,crit_CODE, 3,3.849109
28,773_FED_20190605c_3T2_PL2017,crit_VERB, 3,0.480380
28,774_FED_20190605b_3T2_PL2017,crit_CODE, 3,1.158720
28,774_FED_20190605b_3T2_PL2017,crit_VERB, 3,0.367697
28,775_FED_20190611a_3T2_PL2017,crit_CODE, 3,0.791487
28,775_FED_20190611a_3T2_PL2017,crit_VERB, 3,0.568747
28,776_FED_20190611b_3T2_PL2017,crit_CODE, 3,0.510279
28,776_FED_20190611b_3T2_PL2017,crit_VERB, 3,0.718102
28,777_FED_20190611c_3T2_PL2017,crit_CODE, 3,0.844881
28,777_FED_20190611c_3T2_PL2017,crit_VERB, 3,0.213906
28,778_FED_20190614b_3T2_PL2017,crit_CODE, 3,1.471922
28,778_FED_20190614b_3T2_PL2017,crit_VERB, 3,-0.127246
29,730_FED_20190306a_3T2_PL2017,crit_CODE, 3,1.195920
29,730_FED_20190306a_3T2_PL2017,crit_VERB, 3,1.166818
29,741_FED_20190320a_3T2_PL2017,crit_CODE, 3,1.542872
29,741_FED_20190320a_3T2_PL2017,crit_VERB, 3,0.462148
29,746_FED_20190328a_3T2_PL2017,crit_CODE, 3,0.566722
29,746_FED_20190328a_3T2_PL2017,crit_VERB, 3,0.804602
29,747_FED_20190328b_3T2_PL2017,crit_CODE, 3,0.909366
29,747_FED_20190328b_3T2_PL2017,crit_VERB, 3,0.499061
29,748_FED_20190328c_3T2_PL2017,crit_CODE, 3,2.564557
29,748_FED_20190328c_3T2_PL2017,crit_VERB, 3,1.277131
29,749_FED_20190404a_3T2_PL2017,crit_CODE, 3,2.797640
29,749_FED_20190404a_3T2_PL2017,crit_VERB, 3,0.668362
29,750_FED_20190404b_3T2_PL2017,crit_CODE, 3,1.422406
29,750_FED_20190404b_3T2_PL2017,crit_VERB, 3,1.130653
29,751_FED_20190404c_3T2_PL2017,crit_CODE, 3,0.862150
29,751_FED_20190404c_3T2_PL2017,crit_VERB, 3,0.483852
29,752_FED_20190404d_3T2_PL2017,crit_CODE, 3,3.837443
29,752_FED_20190404d_3T2_PL2017,crit_VERB, 3,1.706514
29,754_FED_20190405b_3T2_PL2017,crit_CODE, 3,1.129830
29,754_FED_20190405b_3T2_PL2017,crit_VERB, 3,0.639784
29,755_FED_20190411a_3T2_PL2017,crit_CODE, 3,0.209866
29,755_FED_20190411a_3T2_PL2017,crit_VERB, 3,0.490600
29,756_FED_20190411b_3T2_PL2017,crit_CODE, 3,1.205382
29,756_FED_20190411b_3T2_PL2017,crit_VERB, 3,2.029002
29,757_FED_20190411c_3T2_PL2017,crit_CODE, 3,0.823169
29,757_FED_20190411c_3T2_PL2017,crit_VERB, 3,0.492846
29,773_FED_20190605c_3T2_PL2017,crit_CODE, 3,1.551534
29,773_FED_20190605c_3T2_PL2017,crit_VERB, 3,0.520953
29,774_FED_20190605b_3T2_PL2017,crit_CODE, 3,2.134438
29,774_FED_20190605b_3T2_PL2017,crit_VERB, 3,1.014856
29,775_FED_20190611a_3T2_PL2017,crit_CODE, 3,1.831448
29,775_FED_20190611a_3T2_PL2017,crit_VERB, 3,1.033532
29,776_FED_20190611b_3T2_PL2017,crit_CODE, 3,1.397836
29,776_FED_20190611b_3T2_PL2017,crit_VERB, 3,1.731733
29,777_FED_20190611c_3T2_PL2017,crit_CODE, 3,1.859033
29,777_FED_20190611c_3T2_PL2017,crit_VERB, 3,0.474211
29,778_FED_20190614b_3T2_PL2017,crit_CODE, 3,1.963009
29,778_FED_20190614b_3T2_PL2017,crit_VERB, 3,0.857808
30,730_FED_20190306a_3T2_PL2017,crit_CODE, 2,0.141267
30,730_FED_20190306a_3T2_PL2017,crit_VERB, 2,0.467712
30,741_FED_20190320a_3T2_PL2017,crit_CODE, 2,-0.299734
30,741_FED_20190320a_3T2_PL2017,crit_VERB, 2,-0.522681
30,746_FED_20190328a_3T2_PL2017,crit_CODE, 2,0.955412
30,746_FED_20190328a_3T2_PL2017,crit_VERB, 2,0.623655
30,747_FED_20190328b_3T2_PL2017,crit_CODE, 2,1.862379
30,747_FED_20190328b_3T2_PL2017,crit_VERB, 2,-0.661140
30,748_FED_20190328c_3T2_PL2017,crit_CODE, 2,-0.577102
30,748_FED_20190328c_3T2_PL2017,crit_VERB, 2,0.576869
30,749_FED_20190404a_3T2_PL2017,crit_CODE, 2,0.093927
30,749_FED_20190404a_3T2_PL2017,crit_VERB, 2,0.073824
30,750_FED_20190404b_3T2_PL2017,crit_CODE, 2,1.715529
30,750_FED_20190404b_3T2_PL2017,crit_VERB, 2,1.382614
30,751_FED_20190404c_3T2_PL2017,crit_CODE, 2,0.496108
30,751_FED_20190404c_3T2_PL2017,crit_VERB, 2,-0.037466
30,752_FED_20190404d_3T2_PL2017,crit_CODE, 2,5.466247
30,752_FED_20190404d_3T2_PL2017,crit_VERB, 2,1.325445
30,754_FED_20190405b_3T2_PL2017,crit_CODE, 2,1.506743
30,754_FED_20190405b_3T2_PL2017,crit_VERB, 2,0.415725
30,755_FED_20190411a_3T2_PL2017,crit_CODE, 2,-0.038456
30,755_FED_20190411a_3T2_PL2017,crit_VERB, 2,-0.830612
30,756_FED_20190411b_3T2_PL2017,crit_CODE, 2,-2.181960
30,756_FED_20190411b_3T2_PL2017,crit_VERB, 2,1.755712
30,757_FED_20190411c_3T2_PL2017,crit_CODE, 2,0.266293
30,757_FED_20190411c_3T2_PL2017,crit_VERB, 2,0.714579
30,773_FED_20190605c_3T2_PL2017,crit_CODE, 2,1.522786
30,773_FED_20190605c_3T2_PL2017,crit_VERB, 2,0.079227
30,774_FED_20190605b_3T2_PL2017,crit_CODE, 2,1.939840
30,774_FED_20190605b_3T2_PL2017,crit_VERB, 2,0.056561
30,775_FED_20190611a_3T2_PL2017,crit_CODE, 2,1.907301
30,775_FED_20190611a_3T2_PL2017,crit_VERB, 2,0.096114
30,776_FED_20190611b_3T2_PL2017,crit_CODE, 2,0.770345
30,776_FED_20190611b_3T2_PL2017,crit_VERB, 2,1.014324
30,777_FED_20190611c_3T2_PL2017,crit_CODE, 2,0.376349
30,777_FED_20190611c_3T2_PL2017,crit_VERB, 2,-0.723938
30,778_FED_20190614b_3T2_PL2017,crit_CODE, 2,3.461392
30,778_FED_20190614b_3T2_PL2017,crit_VERB, 2,1.767532
31,730_FED_20190306a_3T2_PL2017,crit_CODE, 1,2.325732
31,730_FED_20190306a_3T2_PL2017,crit_VERB, 1,1.797802
31,741_FED_20190320a_3T2_PL2017,crit_CODE, 1,3.340300
31,741_FED_20190320a_3T2_PL2017,crit_VERB, 1,0.756810
31,746_FED_20190328a_3T2_PL2017,crit_CODE, 1,1.613078
31,746_FED_20190328a_3T2_PL2017,crit_VERB, 1,0.674536
31,747_FED_20190328b_3T2_PL2017,crit_CODE, 1,0.927499
31,747_FED_20190328b_3T2_PL2017,crit_VERB, 1,-0.578313
31,748_FED_20190328c_3T2_PL2017,crit_CODE, 1,2.241956
31,748_FED_20190328c_3T2_PL2017,crit_VERB, 1,0.945355
31,749_FED_20190404a_3T2_PL2017,crit_CODE, 1,-0.599642
31,749_FED_20190404a_3T2_PL2017,crit_VERB, 1,-0.124864
31,750_FED_20190404b_3T2_PL2017,crit_CODE, 1,1.494410
31,750_FED_20190404b_3T2_PL2017,crit_VERB, 1,2.104586
31,751_FED_20190404c_3T2_PL2017,crit_CODE, 1,0.115553
31,751_FED_20190404c_3T2_PL2017,crit_VERB, 1,0.282716
31,752_FED_20190404d_3T2_PL2017,crit_CODE, 1,1.273932
31,752_FED_20190404d_3T2_PL2017,crit_VERB, 1,0.548727
31,754_FED_20190405b_3T2_PL2017,crit_CODE, 1,0.396370
31,754_FED_20190405b_3T2_PL2017,crit_VERB, 1,0.594972
31,755_FED_20190411a_3T2_PL2017,crit_CODE, 1,0.533581
31,755_FED_20190411a_3T2_PL2017,crit_VERB, 1,0.132658
31,756_FED_20190411b_3T2_PL2017,crit_CODE, 1,-3.325889
31,756_FED_20190411b_3T2_PL2017,crit_VERB, 1,0.675292
31,757_FED_20190411c_3T2_PL2017,crit_CODE, 1,1.289648
31,757_FED_20190411c_3T2_PL2017,crit_VERB, 1,0.197916
31,773_FED_20190605c_3T2_PL2017,crit_CODE, 1,1.719036
31,773_FED_20190605c_3T2_PL2017,crit_VERB, 1,0.313425
31,774_FED_20190605b_3T2_PL2017,crit_CODE, 1,1.397184
31,774_FED_20190605b_3T2_PL2017,crit_VERB, 1,0.381045
31,775_FED_20190611a_3T2_PL2017,crit_CODE, 1,2.746684
31,775_FED_20190611a_3T2_PL2017,crit_VERB, 1,1.980969
31,776_FED_20190611b_3T2_PL2017,crit_CODE, 1,0.729221
31,776_FED_20190611b_3T2_PL2017,crit_VERB, 1,0.790300
31,777_FED_20190611c_3T2_PL2017,crit_CODE, 1,2.609165
31,777_FED_20190611c_3T2_PL2017,crit_VERB, 1,0.548772
31,778_FED_20190614b_3T2_PL2017,crit_CODE, 1,1.506401
31,778_FED_20190614b_3T2_PL2017,crit_VERB, 1,0.986356
