ROI,Subject,Effect, LocalizerSize,EffectSize
1,725_FED_20190215a_3T2_PL2017,S,395,0.167647
1,725_FED_20190215a_3T2_PL2017,N,395,-0.06761
1,726_FED_20190226a_3T2_PL2017,S,395,0.446018
1,726_FED_20190226a_3T2_PL2017,N,395,0.135772
1,727_FED_20190226b_3T2_PL2017,S,395,1.068085
1,727_FED_20190226b_3T2_PL2017,N,395,1.211183
1,728_FED_20190226c_3T2_PL2017,S,395,-0.656453
1,728_FED_20190226c_3T2_PL2017,N,395,-0.099414
1,729_FED_20190226d_3T2_PL2017,S,395,-0.122198
1,729_FED_20190226d_3T2_PL2017,N,395,0.057457
1,731_FED_20190306b_3T2_PL2017,S,395,-0.118938
1,731_FED_20190306b_3T2_PL2017,N,395,0.017443
1,732_FED_20190307a_3T2_PL2017,S,395,0.542668
1,732_FED_20190307a_3T2_PL2017,N,395,0.685371
1,733_FED_20190307b_3T2_PL2017,S,395,-1.2351
1,733_FED_20190307b_3T2_PL2017,N,395,-0.616131
1,734_FED_20190313a_3T2_PL2017,S,395,-0.244452
1,734_FED_20190313a_3T2_PL2017,N,395,-0.311976
1,735_FED_20190314a_3T2_PL2017,S,395,0.15716
1,735_FED_20190314a_3T2_PL2017,N,395,0.211827
1,736_FED_20190314b_3T2_PL2017,S,395,0.194055
1,736_FED_20190314b_3T2_PL2017,N,395,1.905608
1,737_FED_20190314c_3T2_PL2017,S,395,0.344245
1,737_FED_20190314c_3T2_PL2017,N,395,0.078327
1,738_FED_20190319a_3T2_PL2017,S,395,1.514337
1,738_FED_20190319a_3T2_PL2017,N,395,1.186981
1,739_FED_20190319b_3T2_PL2017,S,395,1.098084
1,739_FED_20190319b_3T2_PL2017,N,395,1.577433
1,740_FED_20190319c_3T2_PL2017,S,395,0.330673
1,740_FED_20190319c_3T2_PL2017,N,395,0.432346
1,743_FED_20190320c_3T2_PL2017,S,395,-0.153612
1,743_FED_20190320c_3T2_PL2017,N,395,0.261265
1,744_FED_20190320d_3T2_PL2017,S,395,0.658478
1,744_FED_20190320d_3T2_PL2017,N,395,0.655051
1,745_FED_20190321a_3T2_PL2017,S,395,0.940574
1,745_FED_20190321a_3T2_PL2017,N,395,1.275421
1,759_FED_20190415a_3T2_PL2017,S,395,1.499991
1,759_FED_20190415a_3T2_PL2017,N,395,1.618256
1,760_FED_20190415b_3T2_PL2017,S,395,-0.794124
1,760_FED_20190415b_3T2_PL2017,N,395,-0.202984
1,761_FED_20190416a_3T2_PL2017,S,395,1.93723
1,761_FED_20190416a_3T2_PL2017,N,395,2.177283
1,762_FED_20190416b_3T2_PL2017,S,395,0.397124
1,762_FED_20190416b_3T2_PL2017,N,395,0.638674
1,763_FED_20190416c_3T2_PL2017,S,395,1.999087
1,763_FED_20190416c_3T2_PL2017,N,395,1.376728
1,764_FED_20190416d_3T2_PL2017,S,395,-0.477442
1,764_FED_20190416d_3T2_PL2017,N,395,0.007421
1,766_FED_20190418a_3T2_PL2017,S,395,0.275934
1,766_FED_20190418a_3T2_PL2017,N,395,0.882122
2,725_FED_20190215a_3T2_PL2017,S,86,0.556779
2,725_FED_20190215a_3T2_PL2017,N,86,1.077362
2,726_FED_20190226a_3T2_PL2017,S,86,-0.144171
2,726_FED_20190226a_3T2_PL2017,N,86,-0.231261
2,727_FED_20190226b_3T2_PL2017,S,86,1.929396
2,727_FED_20190226b_3T2_PL2017,N,86,1.940684
2,728_FED_20190226c_3T2_PL2017,S,86,-0.354154
2,728_FED_20190226c_3T2_PL2017,N,86,0.180331
2,729_FED_20190226d_3T2_PL2017,S,86,-0.023471
2,729_FED_20190226d_3T2_PL2017,N,86,0.131381
2,731_FED_20190306b_3T2_PL2017,S,86,0.594341
2,731_FED_20190306b_3T2_PL2017,N,86,0.906885
2,732_FED_20190307a_3T2_PL2017,S,86,0.669989
2,732_FED_20190307a_3T2_PL2017,N,86,0.902066
2,733_FED_20190307b_3T2_PL2017,S,86,0.676403
2,733_FED_20190307b_3T2_PL2017,N,86,1.13043
2,734_FED_20190313a_3T2_PL2017,S,86,-0.657903
2,734_FED_20190313a_3T2_PL2017,N,86,-0.141027
2,735_FED_20190314a_3T2_PL2017,S,86,1.756388
2,735_FED_20190314a_3T2_PL2017,N,86,2.118316
2,736_FED_20190314b_3T2_PL2017,S,86,0.179072
2,736_FED_20190314b_3T2_PL2017,N,86,1.855391
2,737_FED_20190314c_3T2_PL2017,S,86,0.983869
2,737_FED_20190314c_3T2_PL2017,N,86,0.069921
2,738_FED_20190319a_3T2_PL2017,S,86,1.018801
2,738_FED_20190319a_3T2_PL2017,N,86,0.899385
2,739_FED_20190319b_3T2_PL2017,S,86,0.667693
2,739_FED_20190319b_3T2_PL2017,N,86,1.023261
2,740_FED_20190319c_3T2_PL2017,S,86,0.535396
2,740_FED_20190319c_3T2_PL2017,N,86,0.807359
2,743_FED_20190320c_3T2_PL2017,S,86,-0.175318
2,743_FED_20190320c_3T2_PL2017,N,86,0.061434
2,744_FED_20190320d_3T2_PL2017,S,86,0.45132
2,744_FED_20190320d_3T2_PL2017,N,86,0.450118
2,745_FED_20190321a_3T2_PL2017,S,86,1.67564
2,745_FED_20190321a_3T2_PL2017,N,86,1.331852
2,759_FED_20190415a_3T2_PL2017,S,86,0.341699
2,759_FED_20190415a_3T2_PL2017,N,86,0.277401
2,760_FED_20190415b_3T2_PL2017,S,86,-0.738199
2,760_FED_20190415b_3T2_PL2017,N,86,-0.133873
2,761_FED_20190416a_3T2_PL2017,S,86,1.361091
2,761_FED_20190416a_3T2_PL2017,N,86,1.602078
2,762_FED_20190416b_3T2_PL2017,S,86,0.516065
2,762_FED_20190416b_3T2_PL2017,N,86,0.82996
2,763_FED_20190416c_3T2_PL2017,S,86,2.957853
2,763_FED_20190416c_3T2_PL2017,N,86,2.768605
2,764_FED_20190416d_3T2_PL2017,S,86,0.092136
2,764_FED_20190416d_3T2_PL2017,N,86,0.58869
2,766_FED_20190418a_3T2_PL2017,S,86,0.783327
2,766_FED_20190418a_3T2_PL2017,N,86,2.253619
3,725_FED_20190215a_3T2_PL2017,S,201,0.39336
3,725_FED_20190215a_3T2_PL2017,N,201,0.371236
3,726_FED_20190226a_3T2_PL2017,S,201,-0.303084
3,726_FED_20190226a_3T2_PL2017,N,201,-0.429606
3,727_FED_20190226b_3T2_PL2017,S,201,1.338655
3,727_FED_20190226b_3T2_PL2017,N,201,1.505847
3,728_FED_20190226c_3T2_PL2017,S,201,-0.123177
3,728_FED_20190226c_3T2_PL2017,N,201,0.273598
3,729_FED_20190226d_3T2_PL2017,S,201,-0.201832
3,729_FED_20190226d_3T2_PL2017,N,201,0.499795
3,731_FED_20190306b_3T2_PL2017,S,201,0.002159
3,731_FED_20190306b_3T2_PL2017,N,201,0.169827
3,732_FED_20190307a_3T2_PL2017,S,201,0.483125
3,732_FED_20190307a_3T2_PL2017,N,201,0.609532
3,733_FED_20190307b_3T2_PL2017,S,201,-0.988157
3,733_FED_20190307b_3T2_PL2017,N,201,0.153847
3,734_FED_20190313a_3T2_PL2017,S,201,-0.848937
3,734_FED_20190313a_3T2_PL2017,N,201,-0.246403
3,735_FED_20190314a_3T2_PL2017,S,201,0.597795
3,735_FED_20190314a_3T2_PL2017,N,201,0.536491
3,736_FED_20190314b_3T2_PL2017,S,201,0.374978
3,736_FED_20190314b_3T2_PL2017,N,201,1.501553
3,737_FED_20190314c_3T2_PL2017,S,201,0.672716
3,737_FED_20190314c_3T2_PL2017,N,201,0.076863
3,738_FED_20190319a_3T2_PL2017,S,201,1.308549
3,738_FED_20190319a_3T2_PL2017,N,201,1.13766
3,739_FED_20190319b_3T2_PL2017,S,201,0.860104
3,739_FED_20190319b_3T2_PL2017,N,201,0.84551
3,740_FED_20190319c_3T2_PL2017,S,201,0.14422
3,740_FED_20190319c_3T2_PL2017,N,201,0.507087
3,743_FED_20190320c_3T2_PL2017,S,201,0.010065
3,743_FED_20190320c_3T2_PL2017,N,201,0.089726
3,744_FED_20190320d_3T2_PL2017,S,201,0.37822
3,744_FED_20190320d_3T2_PL2017,N,201,0.230681
3,745_FED_20190321a_3T2_PL2017,S,201,1.446103
3,745_FED_20190321a_3T2_PL2017,N,201,1.420195
3,759_FED_20190415a_3T2_PL2017,S,201,-0.152766
3,759_FED_20190415a_3T2_PL2017,N,201,-0.123223
3,760_FED_20190415b_3T2_PL2017,S,201,0.076695
3,760_FED_20190415b_3T2_PL2017,N,201,0.396918
3,761_FED_20190416a_3T2_PL2017,S,201,0.902628
3,761_FED_20190416a_3T2_PL2017,N,201,1.423264
3,762_FED_20190416b_3T2_PL2017,S,201,0.364873
3,762_FED_20190416b_3T2_PL2017,N,201,0.537052
3,763_FED_20190416c_3T2_PL2017,S,201,2.640289
3,763_FED_20190416c_3T2_PL2017,N,201,2.508269
3,764_FED_20190416d_3T2_PL2017,S,201,-0.316394
3,764_FED_20190416d_3T2_PL2017,N,201,0.27387
3,766_FED_20190418a_3T2_PL2017,S,201,-0.517257
3,766_FED_20190418a_3T2_PL2017,N,201,-0.07856
4,725_FED_20190215a_3T2_PL2017,S,179,0.963662
4,725_FED_20190215a_3T2_PL2017,N,179,0.710934
4,726_FED_20190226a_3T2_PL2017,S,179,-0.317633
4,726_FED_20190226a_3T2_PL2017,N,179,-0.544576
4,727_FED_20190226b_3T2_PL2017,S,179,2.785352
4,727_FED_20190226b_3T2_PL2017,N,179,2.197405
4,728_FED_20190226c_3T2_PL2017,S,179,0.15815
4,728_FED_20190226c_3T2_PL2017,N,179,0.310458
4,729_FED_20190226d_3T2_PL2017,S,179,-0.1354
4,729_FED_20190226d_3T2_PL2017,N,179,0.126998
4,731_FED_20190306b_3T2_PL2017,S,179,1.017157
4,731_FED_20190306b_3T2_PL2017,N,179,0.818549
4,732_FED_20190307a_3T2_PL2017,S,179,0.856919
4,732_FED_20190307a_3T2_PL2017,N,179,0.848406
4,733_FED_20190307b_3T2_PL2017,S,179,-0.90216
4,733_FED_20190307b_3T2_PL2017,N,179,-0.500963
4,734_FED_20190313a_3T2_PL2017,S,179,-0.245356
4,734_FED_20190313a_3T2_PL2017,N,179,-0.028275
4,735_FED_20190314a_3T2_PL2017,S,179,0.261913
4,735_FED_20190314a_3T2_PL2017,N,179,0.254959
4,736_FED_20190314b_3T2_PL2017,S,179,1.176026
4,736_FED_20190314b_3T2_PL2017,N,179,2.25258
4,737_FED_20190314c_3T2_PL2017,S,179,0.420204
4,737_FED_20190314c_3T2_PL2017,N,179,0.365465
4,738_FED_20190319a_3T2_PL2017,S,179,2.972404
4,738_FED_20190319a_3T2_PL2017,N,179,2.232444
4,739_FED_20190319b_3T2_PL2017,S,179,1.235413
4,739_FED_20190319b_3T2_PL2017,N,179,1.360604
4,740_FED_20190319c_3T2_PL2017,S,179,0.276195
4,740_FED_20190319c_3T2_PL2017,N,179,0.556598
4,743_FED_20190320c_3T2_PL2017,S,179,-0.438047
4,743_FED_20190320c_3T2_PL2017,N,179,-0.211825
4,744_FED_20190320d_3T2_PL2017,S,179,0.950506
4,744_FED_20190320d_3T2_PL2017,N,179,0.585042
4,745_FED_20190321a_3T2_PL2017,S,179,1.796198
4,745_FED_20190321a_3T2_PL2017,N,179,1.348864
4,759_FED_20190415a_3T2_PL2017,S,179,2.364307
4,759_FED_20190415a_3T2_PL2017,N,179,1.747732
4,760_FED_20190415b_3T2_PL2017,S,179,0.832362
4,760_FED_20190415b_3T2_PL2017,N,179,0.62163
4,761_FED_20190416a_3T2_PL2017,S,179,0.542712
4,761_FED_20190416a_3T2_PL2017,N,179,0.558876
4,762_FED_20190416b_3T2_PL2017,S,179,1.282352
4,762_FED_20190416b_3T2_PL2017,N,179,1.391986
4,763_FED_20190416c_3T2_PL2017,S,179,1.745937
4,763_FED_20190416c_3T2_PL2017,N,179,0.77543
4,764_FED_20190416d_3T2_PL2017,S,179,1.22582
4,764_FED_20190416d_3T2_PL2017,N,179,1.030661
4,766_FED_20190418a_3T2_PL2017,S,179,0.968304
4,766_FED_20190418a_3T2_PL2017,N,179,1.718432
5,725_FED_20190215a_3T2_PL2017,S,118,5.743291
5,725_FED_20190215a_3T2_PL2017,N,118,4.800721
5,726_FED_20190226a_3T2_PL2017,S,118,0.97806
5,726_FED_20190226a_3T2_PL2017,N,118,0.622801
5,727_FED_20190226b_3T2_PL2017,S,118,2.73194
5,727_FED_20190226b_3T2_PL2017,N,118,2.927125
5,728_FED_20190226c_3T2_PL2017,S,118,0.03685
5,728_FED_20190226c_3T2_PL2017,N,118,0.47162
5,729_FED_20190226d_3T2_PL2017,S,118,1.46697
5,729_FED_20190226d_3T2_PL2017,N,118,1.508722
5,731_FED_20190306b_3T2_PL2017,S,118,1.759153
5,731_FED_20190306b_3T2_PL2017,N,118,1.769952
5,732_FED_20190307a_3T2_PL2017,S,118,1.478423
5,732_FED_20190307a_3T2_PL2017,N,118,1.447652
5,733_FED_20190307b_3T2_PL2017,S,118,0.209709
5,733_FED_20190307b_3T2_PL2017,N,118,0.947164
5,734_FED_20190313a_3T2_PL2017,S,118,0.330226
5,734_FED_20190313a_3T2_PL2017,N,118,0.318132
5,735_FED_20190314a_3T2_PL2017,S,118,3.495172
5,735_FED_20190314a_3T2_PL2017,N,118,3.361926
5,736_FED_20190314b_3T2_PL2017,S,118,2.000197
5,736_FED_20190314b_3T2_PL2017,N,118,3.311591
5,737_FED_20190314c_3T2_PL2017,S,118,0.738076
5,737_FED_20190314c_3T2_PL2017,N,118,0.248922
5,738_FED_20190319a_3T2_PL2017,S,118,2.636926
5,738_FED_20190319a_3T2_PL2017,N,118,2.497502
5,739_FED_20190319b_3T2_PL2017,S,118,2.532577
5,739_FED_20190319b_3T2_PL2017,N,118,2.758294
5,740_FED_20190319c_3T2_PL2017,S,118,0.637089
5,740_FED_20190319c_3T2_PL2017,N,118,1.038814
5,743_FED_20190320c_3T2_PL2017,S,118,0.715765
5,743_FED_20190320c_3T2_PL2017,N,118,0.276317
5,744_FED_20190320d_3T2_PL2017,S,118,0.300115
5,744_FED_20190320d_3T2_PL2017,N,118,0.257824
5,745_FED_20190321a_3T2_PL2017,S,118,1.431478
5,745_FED_20190321a_3T2_PL2017,N,118,1.391876
5,759_FED_20190415a_3T2_PL2017,S,118,2.198615
5,759_FED_20190415a_3T2_PL2017,N,118,1.595942
5,760_FED_20190415b_3T2_PL2017,S,118,0.813611
5,760_FED_20190415b_3T2_PL2017,N,118,0.092143
5,761_FED_20190416a_3T2_PL2017,S,118,2.010195
5,761_FED_20190416a_3T2_PL2017,N,118,1.669229
5,762_FED_20190416b_3T2_PL2017,S,118,2.680259
5,762_FED_20190416b_3T2_PL2017,N,118,3.133831
5,763_FED_20190416c_3T2_PL2017,S,118,5.593789
5,763_FED_20190416c_3T2_PL2017,N,118,5.308336
5,764_FED_20190416d_3T2_PL2017,S,118,1.30477
5,764_FED_20190416d_3T2_PL2017,N,118,1.522304
5,766_FED_20190418a_3T2_PL2017,S,118,0.53466
5,766_FED_20190418a_3T2_PL2017,N,118,1.255952
6,725_FED_20190215a_3T2_PL2017,S,63,2.530101
6,725_FED_20190215a_3T2_PL2017,N,63,2.041355
6,726_FED_20190226a_3T2_PL2017,S,63,-0.002642
6,726_FED_20190226a_3T2_PL2017,N,63,-0.108085
6,727_FED_20190226b_3T2_PL2017,S,63,2.227703
6,727_FED_20190226b_3T2_PL2017,N,63,2.356849
6,728_FED_20190226c_3T2_PL2017,S,63,0.051895
6,728_FED_20190226c_3T2_PL2017,N,63,0.074642
6,729_FED_20190226d_3T2_PL2017,S,63,0.61897
6,729_FED_20190226d_3T2_PL2017,N,63,0.754148
6,731_FED_20190306b_3T2_PL2017,S,63,2.978777
6,731_FED_20190306b_3T2_PL2017,N,63,2.232828
6,732_FED_20190307a_3T2_PL2017,S,63,0.795764
6,732_FED_20190307a_3T2_PL2017,N,63,0.756009
6,733_FED_20190307b_3T2_PL2017,S,63,-0.318004
6,733_FED_20190307b_3T2_PL2017,N,63,0.584547
6,734_FED_20190313a_3T2_PL2017,S,63,0.777083
6,734_FED_20190313a_3T2_PL2017,N,63,0.548751
6,735_FED_20190314a_3T2_PL2017,S,63,2.72694
6,735_FED_20190314a_3T2_PL2017,N,63,2.531845
6,736_FED_20190314b_3T2_PL2017,S,63,2.817113
6,736_FED_20190314b_3T2_PL2017,N,63,4.601523
6,737_FED_20190314c_3T2_PL2017,S,63,1.512391
6,737_FED_20190314c_3T2_PL2017,N,63,0.605156
6,738_FED_20190319a_3T2_PL2017,S,63,1.490069
6,738_FED_20190319a_3T2_PL2017,N,63,1.118366
6,739_FED_20190319b_3T2_PL2017,S,63,1.258678
6,739_FED_20190319b_3T2_PL2017,N,63,1.681375
6,740_FED_20190319c_3T2_PL2017,S,63,0.643445
6,740_FED_20190319c_3T2_PL2017,N,63,1.274751
6,743_FED_20190320c_3T2_PL2017,S,63,1.019886
6,743_FED_20190320c_3T2_PL2017,N,63,0.690266
6,744_FED_20190320d_3T2_PL2017,S,63,0.775424
6,744_FED_20190320d_3T2_PL2017,N,63,0.538628
6,745_FED_20190321a_3T2_PL2017,S,63,1.57421
6,745_FED_20190321a_3T2_PL2017,N,63,1.021031
6,759_FED_20190415a_3T2_PL2017,S,63,3.876978
6,759_FED_20190415a_3T2_PL2017,N,63,3.04682
6,760_FED_20190415b_3T2_PL2017,S,63,1.440181
6,760_FED_20190415b_3T2_PL2017,N,63,1.034586
6,761_FED_20190416a_3T2_PL2017,S,63,1.13563
6,761_FED_20190416a_3T2_PL2017,N,63,0.959412
6,762_FED_20190416b_3T2_PL2017,S,63,0.863109
6,762_FED_20190416b_3T2_PL2017,N,63,1.287244
6,763_FED_20190416c_3T2_PL2017,S,63,3.858779
6,763_FED_20190416c_3T2_PL2017,N,63,4.22205
6,764_FED_20190416d_3T2_PL2017,S,63,0.80551
6,764_FED_20190416d_3T2_PL2017,N,63,0.970813
6,766_FED_20190418a_3T2_PL2017,S,63,1.794022
6,766_FED_20190418a_3T2_PL2017,N,63,2.420081
7,725_FED_20190215a_3T2_PL2017,S,159,-0.044035
7,725_FED_20190215a_3T2_PL2017,N,159,0.889596
7,726_FED_20190226a_3T2_PL2017,S,159,0.404408
7,726_FED_20190226a_3T2_PL2017,N,159,0.102875
7,727_FED_20190226b_3T2_PL2017,S,159,0.713792
7,727_FED_20190226b_3T2_PL2017,N,159,0.824165
7,728_FED_20190226c_3T2_PL2017,S,159,-0.094988
7,728_FED_20190226c_3T2_PL2017,N,159,0.257505
7,729_FED_20190226d_3T2_PL2017,S,159,0.384319
7,729_FED_20190226d_3T2_PL2017,N,159,0.961858
7,731_FED_20190306b_3T2_PL2017,S,159,1.238246
7,731_FED_20190306b_3T2_PL2017,N,159,0.905864
7,732_FED_20190307a_3T2_PL2017,S,159,0.963998
7,732_FED_20190307a_3T2_PL2017,N,159,1.029806
7,733_FED_20190307b_3T2_PL2017,S,159,-1.232303
7,733_FED_20190307b_3T2_PL2017,N,159,0.17336
7,734_FED_20190313a_3T2_PL2017,S,159,-0.687805
7,734_FED_20190313a_3T2_PL2017,N,159,-0.160774
7,735_FED_20190314a_3T2_PL2017,S,159,-0.004264
7,735_FED_20190314a_3T2_PL2017,N,159,0.842266
7,736_FED_20190314b_3T2_PL2017,S,159,0.60106
7,736_FED_20190314b_3T2_PL2017,N,159,2.436929
7,737_FED_20190314c_3T2_PL2017,S,159,-0.031399
7,737_FED_20190314c_3T2_PL2017,N,159,0.04319
7,738_FED_20190319a_3T2_PL2017,S,159,1.469474
7,738_FED_20190319a_3T2_PL2017,N,159,1.224696
7,739_FED_20190319b_3T2_PL2017,S,159,1.588962
7,739_FED_20190319b_3T2_PL2017,N,159,2.189397
7,740_FED_20190319c_3T2_PL2017,S,159,-0.033742
7,740_FED_20190319c_3T2_PL2017,N,159,0.59574
7,743_FED_20190320c_3T2_PL2017,S,159,-0.6976
7,743_FED_20190320c_3T2_PL2017,N,159,0.038151
7,744_FED_20190320d_3T2_PL2017,S,159,0.749198
7,744_FED_20190320d_3T2_PL2017,N,159,0.42696
7,745_FED_20190321a_3T2_PL2017,S,159,0.864489
7,745_FED_20190321a_3T2_PL2017,N,159,1.016524
7,759_FED_20190415a_3T2_PL2017,S,159,1.418625
7,759_FED_20190415a_3T2_PL2017,N,159,1.515595
7,760_FED_20190415b_3T2_PL2017,S,159,0.054957
7,760_FED_20190415b_3T2_PL2017,N,159,0.61138
7,761_FED_20190416a_3T2_PL2017,S,159,0.681351
7,761_FED_20190416a_3T2_PL2017,N,159,0.71779
7,762_FED_20190416b_3T2_PL2017,S,159,0.983448
7,762_FED_20190416b_3T2_PL2017,N,159,1.430013
7,763_FED_20190416c_3T2_PL2017,S,159,1.320565
7,763_FED_20190416c_3T2_PL2017,N,159,1.213649
7,764_FED_20190416d_3T2_PL2017,S,159,0.557916
7,764_FED_20190416d_3T2_PL2017,N,159,1.068531
7,766_FED_20190418a_3T2_PL2017,S,159,0.360776
7,766_FED_20190418a_3T2_PL2017,N,159,0.883379
8,725_FED_20190215a_3T2_PL2017,S,162,-1.645414
8,725_FED_20190215a_3T2_PL2017,N,162,0.600534
8,726_FED_20190226a_3T2_PL2017,S,162,-0.467521
8,726_FED_20190226a_3T2_PL2017,N,162,-0.249878
8,727_FED_20190226b_3T2_PL2017,S,162,0.031124
8,727_FED_20190226b_3T2_PL2017,N,162,0.725041
8,728_FED_20190226c_3T2_PL2017,S,162,-1.844094
8,728_FED_20190226c_3T2_PL2017,N,162,-0.550066
8,729_FED_20190226d_3T2_PL2017,S,162,0.118617
8,729_FED_20190226d_3T2_PL2017,N,162,0.64281
8,731_FED_20190306b_3T2_PL2017,S,162,0.776442
8,731_FED_20190306b_3T2_PL2017,N,162,1.056937
8,732_FED_20190307a_3T2_PL2017,S,162,1.256758
8,732_FED_20190307a_3T2_PL2017,N,162,1.407334
8,733_FED_20190307b_3T2_PL2017,S,162,-0.753336
8,733_FED_20190307b_3T2_PL2017,N,162,0.533542
8,734_FED_20190313a_3T2_PL2017,S,162,-2.464036
8,734_FED_20190313a_3T2_PL2017,N,162,-0.741886
8,735_FED_20190314a_3T2_PL2017,S,162,1.050596
8,735_FED_20190314a_3T2_PL2017,N,162,2.401418
8,736_FED_20190314b_3T2_PL2017,S,162,0.037836
8,736_FED_20190314b_3T2_PL2017,N,162,1.883049
8,737_FED_20190314c_3T2_PL2017,S,162,-0.367293
8,737_FED_20190314c_3T2_PL2017,N,162,-0.08482
8,738_FED_20190319a_3T2_PL2017,S,162,4.145355
8,738_FED_20190319a_3T2_PL2017,N,162,3.565094
8,739_FED_20190319b_3T2_PL2017,S,162,1.97589
8,739_FED_20190319b_3T2_PL2017,N,162,1.986678
8,740_FED_20190319c_3T2_PL2017,S,162,1.25489
8,740_FED_20190319c_3T2_PL2017,N,162,1.469011
8,743_FED_20190320c_3T2_PL2017,S,162,-0.259093
8,743_FED_20190320c_3T2_PL2017,N,162,0.922671
8,744_FED_20190320d_3T2_PL2017,S,162,0.233343
8,744_FED_20190320d_3T2_PL2017,N,162,0.162257
8,745_FED_20190321a_3T2_PL2017,S,162,0.902874
8,745_FED_20190321a_3T2_PL2017,N,162,0.719153
8,759_FED_20190415a_3T2_PL2017,S,162,-0.951277
8,759_FED_20190415a_3T2_PL2017,N,162,-0.043609
8,760_FED_20190415b_3T2_PL2017,S,162,-0.412871
8,760_FED_20190415b_3T2_PL2017,N,162,0.023013
8,761_FED_20190416a_3T2_PL2017,S,162,-0.124247
8,761_FED_20190416a_3T2_PL2017,N,162,0.281016
8,762_FED_20190416b_3T2_PL2017,S,162,0.911172
8,762_FED_20190416b_3T2_PL2017,N,162,2.092456
8,763_FED_20190416c_3T2_PL2017,S,162,-0.236202
8,763_FED_20190416c_3T2_PL2017,N,162,0.203316
8,764_FED_20190416d_3T2_PL2017,S,162,0.112859
8,764_FED_20190416d_3T2_PL2017,N,162,0.085399
8,766_FED_20190418a_3T2_PL2017,S,162,1.15019
8,766_FED_20190418a_3T2_PL2017,N,162,2.506169
9,725_FED_20190215a_3T2_PL2017,S,64,0.522435
9,725_FED_20190215a_3T2_PL2017,N,64,1.163613
9,726_FED_20190226a_3T2_PL2017,S,64,0.296551
9,726_FED_20190226a_3T2_PL2017,N,64,0.197107
9,727_FED_20190226b_3T2_PL2017,S,64,0.307853
9,727_FED_20190226b_3T2_PL2017,N,64,0.209468
9,728_FED_20190226c_3T2_PL2017,S,64,0.139409
9,728_FED_20190226c_3T2_PL2017,N,64,0.174367
9,729_FED_20190226d_3T2_PL2017,S,64,0.48224
9,729_FED_20190226d_3T2_PL2017,N,64,0.571926
9,731_FED_20190306b_3T2_PL2017,S,64,0.777884
9,731_FED_20190306b_3T2_PL2017,N,64,0.390246
9,732_FED_20190307a_3T2_PL2017,S,64,1.414537
9,732_FED_20190307a_3T2_PL2017,N,64,1.219886
9,733_FED_20190307b_3T2_PL2017,S,64,-0.335455
9,733_FED_20190307b_3T2_PL2017,N,64,-0.086714
9,734_FED_20190313a_3T2_PL2017,S,64,-0.486238
9,734_FED_20190313a_3T2_PL2017,N,64,0.173255
9,735_FED_20190314a_3T2_PL2017,S,64,0.575013
9,735_FED_20190314a_3T2_PL2017,N,64,0.885183
9,736_FED_20190314b_3T2_PL2017,S,64,0.830495
9,736_FED_20190314b_3T2_PL2017,N,64,1.564021
9,737_FED_20190314c_3T2_PL2017,S,64,0.623631
9,737_FED_20190314c_3T2_PL2017,N,64,0.202504
9,738_FED_20190319a_3T2_PL2017,S,64,1.433856
9,738_FED_20190319a_3T2_PL2017,N,64,1.556592
9,739_FED_20190319b_3T2_PL2017,S,64,1.408688
9,739_FED_20190319b_3T2_PL2017,N,64,1.01353
9,740_FED_20190319c_3T2_PL2017,S,64,0.428937
9,740_FED_20190319c_3T2_PL2017,N,64,0.402399
9,743_FED_20190320c_3T2_PL2017,S,64,0.391836
9,743_FED_20190320c_3T2_PL2017,N,64,0.293105
9,744_FED_20190320d_3T2_PL2017,S,64,0.720415
9,744_FED_20190320d_3T2_PL2017,N,64,0.440001
9,745_FED_20190321a_3T2_PL2017,S,64,0.824862
9,745_FED_20190321a_3T2_PL2017,N,64,0.553829
9,759_FED_20190415a_3T2_PL2017,S,64,0.95029
9,759_FED_20190415a_3T2_PL2017,N,64,0.807919
9,760_FED_20190415b_3T2_PL2017,S,64,0.224761
9,760_FED_20190415b_3T2_PL2017,N,64,0.175019
9,761_FED_20190416a_3T2_PL2017,S,64,0.662877
9,761_FED_20190416a_3T2_PL2017,N,64,0.572417
9,762_FED_20190416b_3T2_PL2017,S,64,0.303458
9,762_FED_20190416b_3T2_PL2017,N,64,0.386369
9,763_FED_20190416c_3T2_PL2017,S,64,0.619099
9,763_FED_20190416c_3T2_PL2017,N,64,0.319402
9,764_FED_20190416d_3T2_PL2017,S,64,0.521543
9,764_FED_20190416d_3T2_PL2017,N,64,0.551032
9,766_FED_20190418a_3T2_PL2017,S,64,0.539147
9,766_FED_20190418a_3T2_PL2017,N,64,0.842439
10,725_FED_20190215a_3T2_PL2017,S,111,0.557812
10,725_FED_20190215a_3T2_PL2017,N,111,1.36477
10,726_FED_20190226a_3T2_PL2017,S,111,0.285975
10,726_FED_20190226a_3T2_PL2017,N,111,0.102945
10,727_FED_20190226b_3T2_PL2017,S,111,0.552218
10,727_FED_20190226b_3T2_PL2017,N,111,0.750271
10,728_FED_20190226c_3T2_PL2017,S,111,-0.426957
10,728_FED_20190226c_3T2_PL2017,N,111,0.124215
10,729_FED_20190226d_3T2_PL2017,S,111,0.557642
10,729_FED_20190226d_3T2_PL2017,N,111,0.592054
10,731_FED_20190306b_3T2_PL2017,S,111,0.539453
10,731_FED_20190306b_3T2_PL2017,N,111,0.495325
10,732_FED_20190307a_3T2_PL2017,S,111,1.893166
10,732_FED_20190307a_3T2_PL2017,N,111,1.438255
10,733_FED_20190307b_3T2_PL2017,S,111,-0.502354
10,733_FED_20190307b_3T2_PL2017,N,111,0.168181
10,734_FED_20190313a_3T2_PL2017,S,111,-0.055075
10,734_FED_20190313a_3T2_PL2017,N,111,0.328653
10,735_FED_20190314a_3T2_PL2017,S,111,0.417512
10,735_FED_20190314a_3T2_PL2017,N,111,1.158892
10,736_FED_20190314b_3T2_PL2017,S,111,0.910669
10,736_FED_20190314b_3T2_PL2017,N,111,1.818668
10,737_FED_20190314c_3T2_PL2017,S,111,0.291338
10,737_FED_20190314c_3T2_PL2017,N,111,0.395415
10,738_FED_20190319a_3T2_PL2017,S,111,2.933978
10,738_FED_20190319a_3T2_PL2017,N,111,2.127287
10,739_FED_20190319b_3T2_PL2017,S,111,0.687959
10,739_FED_20190319b_3T2_PL2017,N,111,0.828008
10,740_FED_20190319c_3T2_PL2017,S,111,0.342735
10,740_FED_20190319c_3T2_PL2017,N,111,0.641815
10,743_FED_20190320c_3T2_PL2017,S,111,0.103813
10,743_FED_20190320c_3T2_PL2017,N,111,0.544706
10,744_FED_20190320d_3T2_PL2017,S,111,0.579516
10,744_FED_20190320d_3T2_PL2017,N,111,0.448073
10,745_FED_20190321a_3T2_PL2017,S,111,0.892382
10,745_FED_20190321a_3T2_PL2017,N,111,0.679565
10,759_FED_20190415a_3T2_PL2017,S,111,0.396813
10,759_FED_20190415a_3T2_PL2017,N,111,0.563622
10,760_FED_20190415b_3T2_PL2017,S,111,0.849531
10,760_FED_20190415b_3T2_PL2017,N,111,0.602467
10,761_FED_20190416a_3T2_PL2017,S,111,0.112583
10,761_FED_20190416a_3T2_PL2017,N,111,0.243589
10,762_FED_20190416b_3T2_PL2017,S,111,0.418664
10,762_FED_20190416b_3T2_PL2017,N,111,0.633808
10,763_FED_20190416c_3T2_PL2017,S,111,0.44861
10,763_FED_20190416c_3T2_PL2017,N,111,0.613704
10,764_FED_20190416d_3T2_PL2017,S,111,0.591019
10,764_FED_20190416d_3T2_PL2017,N,111,0.739755
10,766_FED_20190418a_3T2_PL2017,S,111,0.463989
10,766_FED_20190418a_3T2_PL2017,N,111,0.907085
11,725_FED_20190215a_3T2_PL2017,S,395,-0.106908
11,725_FED_20190215a_3T2_PL2017,N,395,-0.196787
11,726_FED_20190226a_3T2_PL2017,S,395,0.393791
11,726_FED_20190226a_3T2_PL2017,N,395,0.215236
11,727_FED_20190226b_3T2_PL2017,S,395,0.012626
11,727_FED_20190226b_3T2_PL2017,N,395,-0.044901
11,728_FED_20190226c_3T2_PL2017,S,395,-0.79803
11,728_FED_20190226c_3T2_PL2017,N,395,-0.185545
11,729_FED_20190226d_3T2_PL2017,S,395,-0.79572
11,729_FED_20190226d_3T2_PL2017,N,395,-0.546557
11,731_FED_20190306b_3T2_PL2017,S,395,-0.527094
11,731_FED_20190306b_3T2_PL2017,N,395,-0.684441
11,732_FED_20190307a_3T2_PL2017,S,395,0.889752
11,732_FED_20190307a_3T2_PL2017,N,395,0.682658
11,733_FED_20190307b_3T2_PL2017,S,395,-0.865942
11,733_FED_20190307b_3T2_PL2017,N,395,-0.107131
11,734_FED_20190313a_3T2_PL2017,S,395,0.006949
11,734_FED_20190313a_3T2_PL2017,N,395,-0.216033
11,735_FED_20190314a_3T2_PL2017,S,395,1.469206
11,735_FED_20190314a_3T2_PL2017,N,395,1.807053
11,736_FED_20190314b_3T2_PL2017,S,395,-0.07299
11,736_FED_20190314b_3T2_PL2017,N,395,1.38081
11,737_FED_20190314c_3T2_PL2017,S,395,0.957239
11,737_FED_20190314c_3T2_PL2017,N,395,0.53861
11,738_FED_20190319a_3T2_PL2017,S,395,0.220273
11,738_FED_20190319a_3T2_PL2017,N,395,0.048733
11,739_FED_20190319b_3T2_PL2017,S,395,1.169607
11,739_FED_20190319b_3T2_PL2017,N,395,1.215606
11,740_FED_20190319c_3T2_PL2017,S,395,0.369535
11,740_FED_20190319c_3T2_PL2017,N,395,0.384923
11,743_FED_20190320c_3T2_PL2017,S,395,-0.29405
11,743_FED_20190320c_3T2_PL2017,N,395,-0.26512
11,744_FED_20190320d_3T2_PL2017,S,395,0.054539
11,744_FED_20190320d_3T2_PL2017,N,395,0.160675
11,745_FED_20190321a_3T2_PL2017,S,395,0.955636
11,745_FED_20190321a_3T2_PL2017,N,395,0.999737
11,759_FED_20190415a_3T2_PL2017,S,395,0.644427
11,759_FED_20190415a_3T2_PL2017,N,395,0.728969
11,760_FED_20190415b_3T2_PL2017,S,395,-0.350285
11,760_FED_20190415b_3T2_PL2017,N,395,0.20508
11,761_FED_20190416a_3T2_PL2017,S,395,2.041435
11,761_FED_20190416a_3T2_PL2017,N,395,2.16916
11,762_FED_20190416b_3T2_PL2017,S,395,0.111574
11,762_FED_20190416b_3T2_PL2017,N,395,0.366177
11,763_FED_20190416c_3T2_PL2017,S,395,2.600827
11,763_FED_20190416c_3T2_PL2017,N,395,1.461627
11,764_FED_20190416d_3T2_PL2017,S,395,-1.015167
11,764_FED_20190416d_3T2_PL2017,N,395,-0.764194
11,766_FED_20190418a_3T2_PL2017,S,395,-0.491966
11,766_FED_20190418a_3T2_PL2017,N,395,-0.157837
12,725_FED_20190215a_3T2_PL2017,S,86,1.397499
12,725_FED_20190215a_3T2_PL2017,N,86,1.529446
12,726_FED_20190226a_3T2_PL2017,S,86,-0.24076
12,726_FED_20190226a_3T2_PL2017,N,86,-0.114061
12,727_FED_20190226b_3T2_PL2017,S,86,0.527199
12,727_FED_20190226b_3T2_PL2017,N,86,0.332413
12,728_FED_20190226c_3T2_PL2017,S,86,0.27165
12,728_FED_20190226c_3T2_PL2017,N,86,0.517822
12,729_FED_20190226d_3T2_PL2017,S,86,-0.420316
12,729_FED_20190226d_3T2_PL2017,N,86,-0.272062
12,731_FED_20190306b_3T2_PL2017,S,86,-0.312262
12,731_FED_20190306b_3T2_PL2017,N,86,-0.98032
12,732_FED_20190307a_3T2_PL2017,S,86,1.004885
12,732_FED_20190307a_3T2_PL2017,N,86,0.872947
12,733_FED_20190307b_3T2_PL2017,S,86,0.808256
12,733_FED_20190307b_3T2_PL2017,N,86,1.717991
12,734_FED_20190313a_3T2_PL2017,S,86,-0.660155
12,734_FED_20190313a_3T2_PL2017,N,86,-0.318076
12,735_FED_20190314a_3T2_PL2017,S,86,1.454701
12,735_FED_20190314a_3T2_PL2017,N,86,2.07479
12,736_FED_20190314b_3T2_PL2017,S,86,1.157338
12,736_FED_20190314b_3T2_PL2017,N,86,3.590809
12,737_FED_20190314c_3T2_PL2017,S,86,0.080838
12,737_FED_20190314c_3T2_PL2017,N,86,-1.35333
12,738_FED_20190319a_3T2_PL2017,S,86,0.116987
12,738_FED_20190319a_3T2_PL2017,N,86,-0.021159
12,739_FED_20190319b_3T2_PL2017,S,86,2.38631
12,739_FED_20190319b_3T2_PL2017,N,86,1.911125
12,740_FED_20190319c_3T2_PL2017,S,86,1.715682
12,740_FED_20190319c_3T2_PL2017,N,86,1.974936
12,743_FED_20190320c_3T2_PL2017,S,86,0.248287
12,743_FED_20190320c_3T2_PL2017,N,86,0.333132
12,744_FED_20190320d_3T2_PL2017,S,86,0.570809
12,744_FED_20190320d_3T2_PL2017,N,86,0.377295
12,745_FED_20190321a_3T2_PL2017,S,86,1.939554
12,745_FED_20190321a_3T2_PL2017,N,86,1.455499
12,759_FED_20190415a_3T2_PL2017,S,86,0.444484
12,759_FED_20190415a_3T2_PL2017,N,86,0.308727
12,760_FED_20190415b_3T2_PL2017,S,86,-0.897921
12,760_FED_20190415b_3T2_PL2017,N,86,-0.205783
12,761_FED_20190416a_3T2_PL2017,S,86,1.013426
12,761_FED_20190416a_3T2_PL2017,N,86,1.665358
12,762_FED_20190416b_3T2_PL2017,S,86,1.053922
12,762_FED_20190416b_3T2_PL2017,N,86,1.083513
12,763_FED_20190416c_3T2_PL2017,S,86,1.99875
12,763_FED_20190416c_3T2_PL2017,N,86,1.456966
12,764_FED_20190416d_3T2_PL2017,S,86,0.202917
12,764_FED_20190416d_3T2_PL2017,N,86,0.513458
12,766_FED_20190418a_3T2_PL2017,S,86,0.223618
12,766_FED_20190418a_3T2_PL2017,N,86,1.258986
13,725_FED_20190215a_3T2_PL2017,S,201,-0.322989
13,725_FED_20190215a_3T2_PL2017,N,201,0.293462
13,726_FED_20190226a_3T2_PL2017,S,201,-0.101152
13,726_FED_20190226a_3T2_PL2017,N,201,-0.143556
13,727_FED_20190226b_3T2_PL2017,S,201,0.422523
13,727_FED_20190226b_3T2_PL2017,N,201,0.473031
13,728_FED_20190226c_3T2_PL2017,S,201,-0.289347
13,728_FED_20190226c_3T2_PL2017,N,201,0.516147
13,729_FED_20190226d_3T2_PL2017,S,201,0.570322
13,729_FED_20190226d_3T2_PL2017,N,201,0.563768
13,731_FED_20190306b_3T2_PL2017,S,201,-0.1762
13,731_FED_20190306b_3T2_PL2017,N,201,-0.444748
13,732_FED_20190307a_3T2_PL2017,S,201,0.885409
13,732_FED_20190307a_3T2_PL2017,N,201,0.768492
13,733_FED_20190307b_3T2_PL2017,S,201,-0.625199
13,733_FED_20190307b_3T2_PL2017,N,201,0.699898
13,734_FED_20190313a_3T2_PL2017,S,201,-0.623397
13,734_FED_20190313a_3T2_PL2017,N,201,-0.307724
13,735_FED_20190314a_3T2_PL2017,S,201,0.872397
13,735_FED_20190314a_3T2_PL2017,N,201,0.932295
13,736_FED_20190314b_3T2_PL2017,S,201,0.279036
13,736_FED_20190314b_3T2_PL2017,N,201,1.964824
13,737_FED_20190314c_3T2_PL2017,S,201,-0.039246
13,737_FED_20190314c_3T2_PL2017,N,201,-1.128484
13,738_FED_20190319a_3T2_PL2017,S,201,0.369615
13,738_FED_20190319a_3T2_PL2017,N,201,0.25523
13,739_FED_20190319b_3T2_PL2017,S,201,1.524458
13,739_FED_20190319b_3T2_PL2017,N,201,1.322565
13,740_FED_20190319c_3T2_PL2017,S,201,0.762619
13,740_FED_20190319c_3T2_PL2017,N,201,0.928972
13,743_FED_20190320c_3T2_PL2017,S,201,0.293968
13,743_FED_20190320c_3T2_PL2017,N,201,0.277894
13,744_FED_20190320d_3T2_PL2017,S,201,0.11108
13,744_FED_20190320d_3T2_PL2017,N,201,-0.00079
13,745_FED_20190321a_3T2_PL2017,S,201,0.966998
13,745_FED_20190321a_3T2_PL2017,N,201,0.780286
13,759_FED_20190415a_3T2_PL2017,S,201,0.230463
13,759_FED_20190415a_3T2_PL2017,N,201,0.047488
13,760_FED_20190415b_3T2_PL2017,S,201,-0.479944
13,760_FED_20190415b_3T2_PL2017,N,201,-0.09318
13,761_FED_20190416a_3T2_PL2017,S,201,1.395509
13,761_FED_20190416a_3T2_PL2017,N,201,1.785026
13,762_FED_20190416b_3T2_PL2017,S,201,0.12649
13,762_FED_20190416b_3T2_PL2017,N,201,0.268211
13,763_FED_20190416c_3T2_PL2017,S,201,1.758316
13,763_FED_20190416c_3T2_PL2017,N,201,0.749313
13,764_FED_20190416d_3T2_PL2017,S,201,0.149738
13,764_FED_20190416d_3T2_PL2017,N,201,0.401715
13,766_FED_20190418a_3T2_PL2017,S,201,-0.100283
13,766_FED_20190418a_3T2_PL2017,N,201,0.211218
14,725_FED_20190215a_3T2_PL2017,S,179,0.964139
14,725_FED_20190215a_3T2_PL2017,N,179,1.066148
14,726_FED_20190226a_3T2_PL2017,S,179,-0.133439
14,726_FED_20190226a_3T2_PL2017,N,179,-0.362453
14,727_FED_20190226b_3T2_PL2017,S,179,0.674718
14,727_FED_20190226b_3T2_PL2017,N,179,0.345538
14,728_FED_20190226c_3T2_PL2017,S,179,-0.025444
14,728_FED_20190226c_3T2_PL2017,N,179,0.591093
14,729_FED_20190226d_3T2_PL2017,S,179,0.544365
14,729_FED_20190226d_3T2_PL2017,N,179,0.688927
14,731_FED_20190306b_3T2_PL2017,S,179,0.131841
14,731_FED_20190306b_3T2_PL2017,N,179,-0.181461
14,732_FED_20190307a_3T2_PL2017,S,179,1.926806
14,732_FED_20190307a_3T2_PL2017,N,179,1.608222
14,733_FED_20190307b_3T2_PL2017,S,179,-0.595652
14,733_FED_20190307b_3T2_PL2017,N,179,0.136695
14,734_FED_20190313a_3T2_PL2017,S,179,-0.671507
14,734_FED_20190313a_3T2_PL2017,N,179,-0.186032
14,735_FED_20190314a_3T2_PL2017,S,179,-0.007969
14,735_FED_20190314a_3T2_PL2017,N,179,0.184323
14,736_FED_20190314b_3T2_PL2017,S,179,0.906621
14,736_FED_20190314b_3T2_PL2017,N,179,2.088203
14,737_FED_20190314c_3T2_PL2017,S,179,0.087889
14,737_FED_20190314c_3T2_PL2017,N,179,-0.25962
14,738_FED_20190319a_3T2_PL2017,S,179,0.394009
14,738_FED_20190319a_3T2_PL2017,N,179,0.041334
14,739_FED_20190319b_3T2_PL2017,S,179,3.298956
14,739_FED_20190319b_3T2_PL2017,N,179,3.130907
14,740_FED_20190319c_3T2_PL2017,S,179,2.221693
14,740_FED_20190319c_3T2_PL2017,N,179,2.525354
14,743_FED_20190320c_3T2_PL2017,S,179,-0.034831
14,743_FED_20190320c_3T2_PL2017,N,179,-0.130392
14,744_FED_20190320d_3T2_PL2017,S,179,-0.041325
14,744_FED_20190320d_3T2_PL2017,N,179,-0.160586
14,745_FED_20190321a_3T2_PL2017,S,179,0.917566
14,745_FED_20190321a_3T2_PL2017,N,179,0.535263
14,759_FED_20190415a_3T2_PL2017,S,179,0.743229
14,759_FED_20190415a_3T2_PL2017,N,179,0.541735
14,760_FED_20190415b_3T2_PL2017,S,179,0.023328
14,760_FED_20190415b_3T2_PL2017,N,179,0.289834
14,761_FED_20190416a_3T2_PL2017,S,179,0.56615
14,761_FED_20190416a_3T2_PL2017,N,179,0.748774
14,762_FED_20190416b_3T2_PL2017,S,179,0.41574
14,762_FED_20190416b_3T2_PL2017,N,179,0.246273
14,763_FED_20190416c_3T2_PL2017,S,179,1.748976
14,763_FED_20190416c_3T2_PL2017,N,179,0.440136
14,764_FED_20190416d_3T2_PL2017,S,179,0.234597
14,764_FED_20190416d_3T2_PL2017,N,179,0.142993
14,766_FED_20190418a_3T2_PL2017,S,179,0.099895
14,766_FED_20190418a_3T2_PL2017,N,179,0.492771
15,725_FED_20190215a_3T2_PL2017,S,95,2.847073
15,725_FED_20190215a_3T2_PL2017,N,95,2.945898
15,726_FED_20190226a_3T2_PL2017,S,95,1.049504
15,726_FED_20190226a_3T2_PL2017,N,95,0.756447
15,727_FED_20190226b_3T2_PL2017,S,95,0.922951
15,727_FED_20190226b_3T2_PL2017,N,95,0.945216
15,728_FED_20190226c_3T2_PL2017,S,95,0.427928
15,728_FED_20190226c_3T2_PL2017,N,95,1.102423
15,729_FED_20190226d_3T2_PL2017,S,95,2.201659
15,729_FED_20190226d_3T2_PL2017,N,95,2.427666
15,731_FED_20190306b_3T2_PL2017,S,95,0.585676
15,731_FED_20190306b_3T2_PL2017,N,95,0.361808
15,732_FED_20190307a_3T2_PL2017,S,95,1.816156
15,732_FED_20190307a_3T2_PL2017,N,95,1.674621
15,733_FED_20190307b_3T2_PL2017,S,95,0.008416
15,733_FED_20190307b_3T2_PL2017,N,95,1.257681
15,734_FED_20190313a_3T2_PL2017,S,95,0.817648
15,734_FED_20190313a_3T2_PL2017,N,95,0.947569
15,735_FED_20190314a_3T2_PL2017,S,95,2.413354
15,735_FED_20190314a_3T2_PL2017,N,95,2.897458
15,736_FED_20190314b_3T2_PL2017,S,95,2.819633
15,736_FED_20190314b_3T2_PL2017,N,95,4.163042
15,737_FED_20190314c_3T2_PL2017,S,95,1.992264
15,737_FED_20190314c_3T2_PL2017,N,95,0.292213
15,738_FED_20190319a_3T2_PL2017,S,95,0.575065
15,738_FED_20190319a_3T2_PL2017,N,95,0.290314
15,739_FED_20190319b_3T2_PL2017,S,95,2.040819
15,739_FED_20190319b_3T2_PL2017,N,95,1.930354
15,740_FED_20190319c_3T2_PL2017,S,95,1.624774
15,740_FED_20190319c_3T2_PL2017,N,95,1.764031
15,743_FED_20190320c_3T2_PL2017,S,95,0.334656
15,743_FED_20190320c_3T2_PL2017,N,95,0.015897
15,744_FED_20190320d_3T2_PL2017,S,95,0.180627
15,744_FED_20190320d_3T2_PL2017,N,95,0.210886
15,745_FED_20190321a_3T2_PL2017,S,95,3.474518
15,745_FED_20190321a_3T2_PL2017,N,95,3.565575
15,759_FED_20190415a_3T2_PL2017,S,95,2.383264
15,759_FED_20190415a_3T2_PL2017,N,95,2.24448
15,760_FED_20190415b_3T2_PL2017,S,95,0.04615
15,760_FED_20190415b_3T2_PL2017,N,95,-0.066693
15,761_FED_20190416a_3T2_PL2017,S,95,1.588391
15,761_FED_20190416a_3T2_PL2017,N,95,1.817626
15,762_FED_20190416b_3T2_PL2017,S,95,0.494616
15,762_FED_20190416b_3T2_PL2017,N,95,0.706796
15,763_FED_20190416c_3T2_PL2017,S,95,1.317938
15,763_FED_20190416c_3T2_PL2017,N,95,0.856325
15,764_FED_20190416d_3T2_PL2017,S,95,0.847826
15,764_FED_20190416d_3T2_PL2017,N,95,2.248536
15,766_FED_20190418a_3T2_PL2017,S,95,-0.655646
15,766_FED_20190418a_3T2_PL2017,N,95,0.543584
16,725_FED_20190215a_3T2_PL2017,S,85,1.49928
16,725_FED_20190215a_3T2_PL2017,N,85,1.624139
16,726_FED_20190226a_3T2_PL2017,S,85,0.846583
16,726_FED_20190226a_3T2_PL2017,N,85,0.694473
16,727_FED_20190226b_3T2_PL2017,S,85,0.792303
16,727_FED_20190226b_3T2_PL2017,N,85,1.030032
16,728_FED_20190226c_3T2_PL2017,S,85,0.765305
16,728_FED_20190226c_3T2_PL2017,N,85,1.350551
16,729_FED_20190226d_3T2_PL2017,S,85,1.559191
16,729_FED_20190226d_3T2_PL2017,N,85,1.590669
16,731_FED_20190306b_3T2_PL2017,S,85,1.124069
16,731_FED_20190306b_3T2_PL2017,N,85,0.517841
16,732_FED_20190307a_3T2_PL2017,S,85,2.183744
16,732_FED_20190307a_3T2_PL2017,N,85,2.39723
16,733_FED_20190307b_3T2_PL2017,S,85,0.011602
16,733_FED_20190307b_3T2_PL2017,N,85,1.147434
16,734_FED_20190313a_3T2_PL2017,S,85,0.466805
16,734_FED_20190313a_3T2_PL2017,N,85,0.689897
16,735_FED_20190314a_3T2_PL2017,S,85,1.873873
16,735_FED_20190314a_3T2_PL2017,N,85,2.268787
16,736_FED_20190314b_3T2_PL2017,S,85,0.400122
16,736_FED_20190314b_3T2_PL2017,N,85,2.658929
16,737_FED_20190314c_3T2_PL2017,S,85,1.523845
16,737_FED_20190314c_3T2_PL2017,N,85,0.243321
16,738_FED_20190319a_3T2_PL2017,S,85,-0.170275
16,738_FED_20190319a_3T2_PL2017,N,85,-0.418311
16,739_FED_20190319b_3T2_PL2017,S,85,2.005463
16,739_FED_20190319b_3T2_PL2017,N,85,2.102807
16,740_FED_20190319c_3T2_PL2017,S,85,0.713474
16,740_FED_20190319c_3T2_PL2017,N,85,1.100761
16,743_FED_20190320c_3T2_PL2017,S,85,0.478197
16,743_FED_20190320c_3T2_PL2017,N,85,0.045288
16,744_FED_20190320d_3T2_PL2017,S,85,0.139049
16,744_FED_20190320d_3T2_PL2017,N,85,-0.08367
16,745_FED_20190321a_3T2_PL2017,S,85,0.805276
16,745_FED_20190321a_3T2_PL2017,N,85,0.365405
16,759_FED_20190415a_3T2_PL2017,S,85,1.528498
16,759_FED_20190415a_3T2_PL2017,N,85,1.381522
16,760_FED_20190415b_3T2_PL2017,S,85,1.10391
16,760_FED_20190415b_3T2_PL2017,N,85,1.167173
16,761_FED_20190416a_3T2_PL2017,S,85,1.076713
16,761_FED_20190416a_3T2_PL2017,N,85,1.391125
16,762_FED_20190416b_3T2_PL2017,S,85,0.404891
16,762_FED_20190416b_3T2_PL2017,N,85,0.704134
16,763_FED_20190416c_3T2_PL2017,S,85,4.257449
16,763_FED_20190416c_3T2_PL2017,N,85,3.574953
16,764_FED_20190416d_3T2_PL2017,S,85,-0.007862
16,764_FED_20190416d_3T2_PL2017,N,85,0.925166
16,766_FED_20190418a_3T2_PL2017,S,85,-0.415004
16,766_FED_20190418a_3T2_PL2017,N,85,0.002366
17,725_FED_20190215a_3T2_PL2017,S,159,0.228146
17,725_FED_20190215a_3T2_PL2017,N,159,0.45099
17,726_FED_20190226a_3T2_PL2017,S,159,-0.665087
17,726_FED_20190226a_3T2_PL2017,N,159,-0.127867
17,727_FED_20190226b_3T2_PL2017,S,159,-0.208477
17,727_FED_20190226b_3T2_PL2017,N,159,0.257358
17,728_FED_20190226c_3T2_PL2017,S,159,-1.245827
17,728_FED_20190226c_3T2_PL2017,N,159,-0.09542
17,729_FED_20190226d_3T2_PL2017,S,159,1.083425
17,729_FED_20190226d_3T2_PL2017,N,159,1.310234
17,731_FED_20190306b_3T2_PL2017,S,159,0.89405
17,731_FED_20190306b_3T2_PL2017,N,159,0.81924
17,732_FED_20190307a_3T2_PL2017,S,159,2.171218
17,732_FED_20190307a_3T2_PL2017,N,159,1.880232
17,733_FED_20190307b_3T2_PL2017,S,159,-0.02693
17,733_FED_20190307b_3T2_PL2017,N,159,1.141076
17,734_FED_20190313a_3T2_PL2017,S,159,-0.53501
17,734_FED_20190313a_3T2_PL2017,N,159,-0.079031
17,735_FED_20190314a_3T2_PL2017,S,159,0.543082
17,735_FED_20190314a_3T2_PL2017,N,159,1.116843
17,736_FED_20190314b_3T2_PL2017,S,159,1.084095
17,736_FED_20190314b_3T2_PL2017,N,159,2.761598
17,737_FED_20190314c_3T2_PL2017,S,159,1.226687
17,737_FED_20190314c_3T2_PL2017,N,159,0.038987
17,738_FED_20190319a_3T2_PL2017,S,159,0.102272
17,738_FED_20190319a_3T2_PL2017,N,159,-0.324142
17,739_FED_20190319b_3T2_PL2017,S,159,2.39803
17,739_FED_20190319b_3T2_PL2017,N,159,2.168863
17,740_FED_20190319c_3T2_PL2017,S,159,1.114691
17,740_FED_20190319c_3T2_PL2017,N,159,1.461012
17,743_FED_20190320c_3T2_PL2017,S,159,0.671634
17,743_FED_20190320c_3T2_PL2017,N,159,0.62075
17,744_FED_20190320d_3T2_PL2017,S,159,0.409317
17,744_FED_20190320d_3T2_PL2017,N,159,0.17709
17,745_FED_20190321a_3T2_PL2017,S,159,0.911678
17,745_FED_20190321a_3T2_PL2017,N,159,0.472704
17,759_FED_20190415a_3T2_PL2017,S,159,0.901625
17,759_FED_20190415a_3T2_PL2017,N,159,0.852169
17,760_FED_20190415b_3T2_PL2017,S,159,-0.028018
17,760_FED_20190415b_3T2_PL2017,N,159,0.675528
17,761_FED_20190416a_3T2_PL2017,S,159,0.855515
17,761_FED_20190416a_3T2_PL2017,N,159,1.128532
17,762_FED_20190416b_3T2_PL2017,S,159,0.209851
17,762_FED_20190416b_3T2_PL2017,N,159,0.214628
17,763_FED_20190416c_3T2_PL2017,S,159,2.171467
17,763_FED_20190416c_3T2_PL2017,N,159,1.897726
17,764_FED_20190416d_3T2_PL2017,S,159,0.882676
17,764_FED_20190416d_3T2_PL2017,N,159,0.951574
17,766_FED_20190418a_3T2_PL2017,S,159,0.059968
17,766_FED_20190418a_3T2_PL2017,N,159,0.598164
18,725_FED_20190215a_3T2_PL2017,S,162,-1.127027
18,725_FED_20190215a_3T2_PL2017,N,162,0.303412
18,726_FED_20190226a_3T2_PL2017,S,162,-0.130767
18,726_FED_20190226a_3T2_PL2017,N,162,0.027983
18,727_FED_20190226b_3T2_PL2017,S,162,0.344449
18,727_FED_20190226b_3T2_PL2017,N,162,0.450271
18,728_FED_20190226c_3T2_PL2017,S,162,-0.527412
18,728_FED_20190226c_3T2_PL2017,N,162,0.222015
18,729_FED_20190226d_3T2_PL2017,S,162,1.363479
18,729_FED_20190226d_3T2_PL2017,N,162,1.384395
18,731_FED_20190306b_3T2_PL2017,S,162,-0.130167
18,731_FED_20190306b_3T2_PL2017,N,162,-0.208479
18,732_FED_20190307a_3T2_PL2017,S,162,2.238674
18,732_FED_20190307a_3T2_PL2017,N,162,1.75651
18,733_FED_20190307b_3T2_PL2017,S,162,-0.167773
18,733_FED_20190307b_3T2_PL2017,N,162,0.780792
18,734_FED_20190313a_3T2_PL2017,S,162,-1.656604
18,734_FED_20190313a_3T2_PL2017,N,162,-0.665251
18,735_FED_20190314a_3T2_PL2017,S,162,0.687904
18,735_FED_20190314a_3T2_PL2017,N,162,1.622054
18,736_FED_20190314b_3T2_PL2017,S,162,0.228098
18,736_FED_20190314b_3T2_PL2017,N,162,1.981334
18,737_FED_20190314c_3T2_PL2017,S,162,-0.931246
18,737_FED_20190314c_3T2_PL2017,N,162,-1.307314
18,738_FED_20190319a_3T2_PL2017,S,162,0.098572
18,738_FED_20190319a_3T2_PL2017,N,162,0.037366
18,739_FED_20190319b_3T2_PL2017,S,162,2.814534
18,739_FED_20190319b_3T2_PL2017,N,162,3.342117
18,740_FED_20190319c_3T2_PL2017,S,162,0.81829
18,740_FED_20190319c_3T2_PL2017,N,162,1.234817
18,743_FED_20190320c_3T2_PL2017,S,162,-0.372053
18,743_FED_20190320c_3T2_PL2017,N,162,0.262633
18,744_FED_20190320d_3T2_PL2017,S,162,0.910627
18,744_FED_20190320d_3T2_PL2017,N,162,0.327407
18,745_FED_20190321a_3T2_PL2017,S,162,0.662197
18,745_FED_20190321a_3T2_PL2017,N,162,0.1131
18,759_FED_20190415a_3T2_PL2017,S,162,0.982663
18,759_FED_20190415a_3T2_PL2017,N,162,0.929845
18,760_FED_20190415b_3T2_PL2017,S,162,0.067035
18,760_FED_20190415b_3T2_PL2017,N,162,0.873826
18,761_FED_20190416a_3T2_PL2017,S,162,-0.074849
18,761_FED_20190416a_3T2_PL2017,N,162,0.710097
18,762_FED_20190416b_3T2_PL2017,S,162,-0.31675
18,762_FED_20190416b_3T2_PL2017,N,162,-0.195553
18,763_FED_20190416c_3T2_PL2017,S,162,1.350122
18,763_FED_20190416c_3T2_PL2017,N,162,0.969092
18,764_FED_20190416d_3T2_PL2017,S,162,-0.207877
18,764_FED_20190416d_3T2_PL2017,N,162,-0.244134
18,766_FED_20190418a_3T2_PL2017,S,162,-0.447071
18,766_FED_20190418a_3T2_PL2017,N,162,0.244352
19,725_FED_20190215a_3T2_PL2017,S,64,0.763789
19,725_FED_20190215a_3T2_PL2017,N,64,1.090784
19,726_FED_20190226a_3T2_PL2017,S,64,-0.049727
19,726_FED_20190226a_3T2_PL2017,N,64,-0.017622
19,727_FED_20190226b_3T2_PL2017,S,64,-0.117775
19,727_FED_20190226b_3T2_PL2017,N,64,-0.219181
19,728_FED_20190226c_3T2_PL2017,S,64,0.01334
19,728_FED_20190226c_3T2_PL2017,N,64,0.645991
19,729_FED_20190226d_3T2_PL2017,S,64,0.84209
19,729_FED_20190226d_3T2_PL2017,N,64,0.690897
19,731_FED_20190306b_3T2_PL2017,S,64,0.304941
19,731_FED_20190306b_3T2_PL2017,N,64,0.10905
19,732_FED_20190307a_3T2_PL2017,S,64,1.148065
19,732_FED_20190307a_3T2_PL2017,N,64,1.126631
19,733_FED_20190307b_3T2_PL2017,S,64,-0.228968
19,733_FED_20190307b_3T2_PL2017,N,64,0.160601
19,734_FED_20190313a_3T2_PL2017,S,64,-0.174471
19,734_FED_20190313a_3T2_PL2017,N,64,-0.227567
19,735_FED_20190314a_3T2_PL2017,S,64,0.225666
19,735_FED_20190314a_3T2_PL2017,N,64,0.559764
19,736_FED_20190314b_3T2_PL2017,S,64,0.930246
19,736_FED_20190314b_3T2_PL2017,N,64,1.396715
19,737_FED_20190314c_3T2_PL2017,S,64,0.100723
19,737_FED_20190314c_3T2_PL2017,N,64,-0.430577
19,738_FED_20190319a_3T2_PL2017,S,64,0.433801
19,738_FED_20190319a_3T2_PL2017,N,64,0.414921
19,739_FED_20190319b_3T2_PL2017,S,64,1.474663
19,739_FED_20190319b_3T2_PL2017,N,64,1.167499
19,740_FED_20190319c_3T2_PL2017,S,64,0.240478
19,740_FED_20190319c_3T2_PL2017,N,64,0.192183
19,743_FED_20190320c_3T2_PL2017,S,64,0.482655
19,743_FED_20190320c_3T2_PL2017,N,64,0.231765
19,744_FED_20190320d_3T2_PL2017,S,64,0.965838
19,744_FED_20190320d_3T2_PL2017,N,64,0.662409
19,745_FED_20190321a_3T2_PL2017,S,64,0.502637
19,745_FED_20190321a_3T2_PL2017,N,64,0.024436
19,759_FED_20190415a_3T2_PL2017,S,64,0.843264
19,759_FED_20190415a_3T2_PL2017,N,64,0.821131
19,760_FED_20190415b_3T2_PL2017,S,64,0.36591
19,760_FED_20190415b_3T2_PL2017,N,64,0.390889
19,761_FED_20190416a_3T2_PL2017,S,64,0.588236
19,761_FED_20190416a_3T2_PL2017,N,64,0.765116
19,762_FED_20190416b_3T2_PL2017,S,64,-0.008872
19,762_FED_20190416b_3T2_PL2017,N,64,0.008105
19,763_FED_20190416c_3T2_PL2017,S,64,0.559659
19,763_FED_20190416c_3T2_PL2017,N,64,0.283368
19,764_FED_20190416d_3T2_PL2017,S,64,0.752166
19,764_FED_20190416d_3T2_PL2017,N,64,0.616767
19,766_FED_20190418a_3T2_PL2017,S,64,0.1099
19,766_FED_20190418a_3T2_PL2017,N,64,0.471453
20,725_FED_20190215a_3T2_PL2017,S,111,1.210726
20,725_FED_20190215a_3T2_PL2017,N,111,1.920229
20,726_FED_20190226a_3T2_PL2017,S,111,0.238112
20,726_FED_20190226a_3T2_PL2017,N,111,0.216556
20,727_FED_20190226b_3T2_PL2017,S,111,0.096613
20,727_FED_20190226b_3T2_PL2017,N,111,0.139753
20,728_FED_20190226c_3T2_PL2017,S,111,-0.179634
20,728_FED_20190226c_3T2_PL2017,N,111,0.292955
20,729_FED_20190226d_3T2_PL2017,S,111,0.489819
20,729_FED_20190226d_3T2_PL2017,N,111,0.646923
20,731_FED_20190306b_3T2_PL2017,S,111,0.174894
20,731_FED_20190306b_3T2_PL2017,N,111,0.089866
20,732_FED_20190307a_3T2_PL2017,S,111,1.620846
20,732_FED_20190307a_3T2_PL2017,N,111,1.520256
20,733_FED_20190307b_3T2_PL2017,S,111,-0.218491
20,733_FED_20190307b_3T2_PL2017,N,111,0.429037
20,734_FED_20190313a_3T2_PL2017,S,111,-1.004789
20,734_FED_20190313a_3T2_PL2017,N,111,0.001061
20,735_FED_20190314a_3T2_PL2017,S,111,0.601835
20,735_FED_20190314a_3T2_PL2017,N,111,1.323095
20,736_FED_20190314b_3T2_PL2017,S,111,1.254027
20,736_FED_20190314b_3T2_PL2017,N,111,2.333584
20,737_FED_20190314c_3T2_PL2017,S,111,0.02879
20,737_FED_20190314c_3T2_PL2017,N,111,0.270367
20,738_FED_20190319a_3T2_PL2017,S,111,1.698378
20,738_FED_20190319a_3T2_PL2017,N,111,1.297688
20,739_FED_20190319b_3T2_PL2017,S,111,1.542869
20,739_FED_20190319b_3T2_PL2017,N,111,1.634751
20,740_FED_20190319c_3T2_PL2017,S,111,1.724814
20,740_FED_20190319c_3T2_PL2017,N,111,2.051692
20,743_FED_20190320c_3T2_PL2017,S,111,0.376751
20,743_FED_20190320c_3T2_PL2017,N,111,0.618904
20,744_FED_20190320d_3T2_PL2017,S,111,2.030829
20,744_FED_20190320d_3T2_PL2017,N,111,1.324388
20,745_FED_20190321a_3T2_PL2017,S,111,0.725686
20,745_FED_20190321a_3T2_PL2017,N,111,0.413228
20,759_FED_20190415a_3T2_PL2017,S,111,1.191747
20,759_FED_20190415a_3T2_PL2017,N,111,0.898021
20,760_FED_20190415b_3T2_PL2017,S,111,0.45456
20,760_FED_20190415b_3T2_PL2017,N,111,0.34451
20,761_FED_20190416a_3T2_PL2017,S,111,0.583809
20,761_FED_20190416a_3T2_PL2017,N,111,0.858022
20,762_FED_20190416b_3T2_PL2017,S,111,0.487881
20,762_FED_20190416b_3T2_PL2017,N,111,0.819902
20,763_FED_20190416c_3T2_PL2017,S,111,1.154996
20,763_FED_20190416c_3T2_PL2017,N,111,0.65389
20,764_FED_20190416d_3T2_PL2017,S,111,0.233439
20,764_FED_20190416d_3T2_PL2017,N,111,0.267818
20,766_FED_20190418a_3T2_PL2017,S,111,0.196636
20,766_FED_20190418a_3T2_PL2017,N,111,0.648648